username,userid,profile_location,created_at,text,retweet_count,source,coordinates
Amber Deese Owens,77606200,"Fort Worth, Texas USA",2023-01-19 23:05:03,South Shore reports slump in overall loss as COVID effects linger https://t.co/I5uKBsTUkV,0,dlvr.it,
Ryan Howell,724770963217207297,"Houston, TX",2023-01-19 23:04:23,Covid kicked my ass‚Ä¶still can‚Äôt catch my damn breath after 4 flights of stairs yikes,0,Twitter for iPhone,
The Bizcrush,901272388704256000,"Grapevine, TX",2023-01-19 23:00:38,Amazon Affiliate Marketing 2020 - The Latest (Q1) - The state of Amazon's Affiliate presence has seen a lot of chan‚Ä¶ https://t.co/lj9TGJybo3,0,The Social Jukebox,
Gregory,250100790,"Arlington, TX",2023-01-19 22:57:00,@ACTBrigitte Remember when someone said Covid was a hoax,0,Twitter for iPhone,
kathy b,441281600,Fort Worth Texas,2023-01-19 22:31:57,Posts link Covid-19 vaccines to 'turbo-cancers' without evidence https://t.co/jKgWNUWqg1,0,Twitter Web App,
Elon Musk is a Hypocrite,1423422651280801795,"Irving, TX",2023-01-19 22:24:37,@ResseJp @tekforty @williamlegate I don't actually recall any media outlet or politician claiming vaccines would pr‚Ä¶ https://t.co/Usy9aecYze,0,Twitter for Android,
Randy Fossler,201345141,"Fort Worth, TX",2023-01-19 21:48:45,"@RandPaul But it went up 40% w the orange orangutan. +7.8 TRILLION! Before Covid-19. 
You just need to shut up!",0,Twitter for iPhone,
Amber Deese Owens,77606200,"Fort Worth, Texas USA",2023-01-19 21:41:33,"The discrepancies behind recent COVID-19 hospitalization, death data https://t.co/uIbxb76jPq",0,dlvr.it,
Smitty,259923927,"Fort Worth, TX",2023-01-19 21:24:24,@stevenborrelli Absolute not Steven. Dry cleaning would be bringing it back to the pre Covid days. I like my simpli‚Ä¶ https://t.co/TLtefZHZ3J,0,Twitter for iPhone,
Hassan Abubakar,1430847209021530118,"Arlington, TX",2023-01-19 20:45:01,The complaints concerning the Entebbe airport's customer service are serious; I've experienced the same and worse.‚Ä¶ https://t.co/Gx6uwD1ksO,0,Twitter for iPhone,
E Worle,820777100122685440,"Grapevine, Texas",2023-01-19 20:16:18,@tommyk03 @ggreenwald Agreed. Given Crowder got a strike for reporting on CDCs own COVID data‚Ä¶ it really limits any‚Ä¶ https://t.co/ljUc8ktafz,0,Twitter for iPhone,
E Worle,820777100122685440,"Grapevine, Texas",2023-01-19 20:10:28,"@ggreenwald He was not concerned about harsh penalties for platform strikes on YouTube and Facebook, which he recei‚Ä¶ https://t.co/ryAPDS3Ez7",0,Twitter for iPhone,
ChaoticRicky,1218616961598357506,"Fort Worth, TX",2023-01-19 19:55:21,"@GodmasterBun @AzazeL_the_God There used to be a lot of locals, before covid. The big problem now is there are just‚Ä¶ https://t.co/1Kq7e0OBJg",0,Twitter for iPhone,
Amber Deese Owens,77606200,"Fort Worth, Texas USA",2023-01-19 19:38:03,"1,300 nursing homes had a 75% COVID-19 infection rate: 9 notes https://t.co/2PkIAV67AS",0,dlvr.it,
Sasuke Uchiha,1296070184,"Fort Worth, TX",2023-01-19 19:23:11,COVID made me appreciate basketball a little more. That‚Äôs why I go so much,0,Twitter for iPhone,
Dayton VO,1519856497974464519,"Fort Worth, TX",2023-01-19 19:22:00,"Having to take things slow still, since covid left my lungs a bit worse for wear, BUT I am still managing to get so‚Ä¶ https://t.co/4LWDU4YRNi",0,Twitter for Android,
Ella. That's all.,3219633794,"Roanoke, Texas",2023-01-19 19:21:54,@MattPrinciple @EthicalSkeptic @stkirsch I *think* (and I am not good at stats) that that's what you get by excludi‚Ä¶ https://t.co/uRjBshg1St,0,Twitter Web App,
Leopold,1519155698193600514,"Fort Worth, TX",2023-01-19 19:13:27,"@MarioNawfal If the Hippocratic oath is to do no harm, how can doctors here even suggest the COVID vaccine for kids‚Ä¶ https://t.co/xxwEYf4m92",0,Twitter for iPhone,
Leopold,1519155698193600514,"Fort Worth, TX",2023-01-19 19:13:00,"@MarioNawfal If the Hippocratic oath is to do no harm, how can doctors here even suggest the COVID vaccine for kids‚Ä¶ https://t.co/RSE7G83G3u",0,Twitter for iPhone,
Leopold,1519155698193600514,"Fort Worth, TX",2023-01-19 19:10:19,@MarioNawfal Example of government abuse - California doctors cannot go against the COVID narrative.  Any Californi‚Ä¶ https://t.co/dWUont25XN,0,Twitter for iPhone,
Ella. That's all.,3219633794,"Roanoke, Texas",2023-01-19 19:09:40,"@MattPrinciple @EthicalSkeptic @stkirsch I have a guess. Covid should have had a ""pull forward"" effect. The people‚Ä¶ https://t.co/VTKf5zOhCY",0,Twitter Web App,
FiendInno,2781253152,"Fort Worth, TX",2023-01-19 19:07:20,@hoothathuh @aSinister @DelusionsMass @txfearsomefrank @6lennybravo @cbeckj @theDVSMarcus @Jaisans @drmkry‚Ä¶ https://t.co/Ql0SA5Mb8o,0,Twitter for Android,
OVO KEY „Å≤,2271014526,Dallas-Fort Worth ,2023-01-19 18:57:34,Yeah jobs refuse to pay more lol according to the ‚Äúinflation‚Äù increase since COVID begun https://t.co/rx5OnGoFyD,2,Twitter for iPhone,
C. A. Worman,1456327242997706753,"Grapevine, TX",2023-01-19 18:40:54,@CStradamus @michaeljknowles The CDC knowingly used incorrect data. They published on their site that the deaths co‚Ä¶ https://t.co/TFazxxgGtJ,0,Twitter for iPhone,
nick ‚Äúlindy‚Äùquist,237089251,The Republic of Texas,2023-01-19 18:28:09,i almost forgot about when stores put one way markers down every aisle to save us from covid,0,Twitter for iPhone,
Dixis Blue2,24299928,"Dallas/Fort Worth, TEXAS",2023-01-19 17:59:44,"@Realpersonpltcs @FordFleetRacing @AlphaWarriorInc @RayGuzman1 

$163 billion of COVID relief was stolen. Republica‚Ä¶ https://t.co/knJ9tK9uFI",6,Twitter Web App,
SkyGoFly,4520063112,"Southlake, TX",2023-01-19 17:33:25,Qantas to Offer Double Frequent Flyer Points for Travel Credits from Covid Era https://t.co/EKW8F3MZvc #qantas https://t.co/t0fRkYyeLt,0,The Social Jukebox,
Texas2Step,1594385774153187331,"Fort Worth, TX",2023-01-19 17:28:14,"@tracybeanz We were told to trust the science.  What that really meant was that we don't question the science. 

Th‚Ä¶ https://t.co/2N4UGp1znH",0,Twitter for Android,
Melanie Alexander maga republican,1362186522062110720,"Burleson, TX",2023-01-19 17:00:44,"Emails show CDC had ‚Äòsignificant influence‚Äô on COVID policies at Facebook, worked to 'silence' vaccine dissent

https://t.co/ERzYeqlYFU",0,Twitter for iPhone,
Natalie,1360147888043683840,"Mansfield, TX",2023-01-19 16:20:00,@mitchellvii This is a big problem....Trump's support of covid vaccines and failure to acknowledge the significant‚Ä¶ https://t.co/rocatTl9us,0,Twitter for Android,
Dragon Fan 817,1204943916312780800,76092,2023-01-19 16:07:02,"@ArnMenconi @Joyce_Karam Of course, pronouns.  She was the poster board for fascist covidian leaders that used Covi‚Ä¶ https://t.co/1ea2iK5LGf",0,Twitter for iPhone,
Dragon Fan 817,1204943916312780800,76092,2023-01-19 16:05:43,@Joyce_Karam She was the poster board for fascist covidian leaders that used Covid as an excuse to centralize power‚Ä¶ https://t.co/VTdR3j2Blw,0,Twitter for iPhone,
Dragon Fan 817,1204943916312780800,76092,2023-01-19 16:04:16,@Vega12991453 ‚ÄúKindness and compassion‚Äù. üòÇü§£ She was the poster board for fascist covidian leaders that used Covid a‚Ä¶ https://t.co/stnbLJhKeZ,0,Twitter for iPhone,
Pebblesüíôüíõ,1116751835161858052,"Fort Worth, TX",2023-01-19 15:40:05,"@alice_fening @NovaTheNardo @anthrocon I did indeed vomit when I had covid, and it was actually awful lol. The nausea was so bad for me",0,Twitter for Android,
Management Impact Solutions Consulting,4734524106,"Fort Worth, TX",2023-01-19 15:36:39,Inside the Facebook Files: Emails Reveal the CDC's Role in Silencing COVID-19 Dissent (Robby Soave/Reason)‚Ä¶ https://t.co/eM1MdvK7ni,0,SocialDog for Twitter,
Amber Deese Owens,77606200,"Fort Worth, Texas USA",2023-01-19 15:18:32,Hybrid immunity offers one year of protection against COVID-19 recurrence: Study https://t.co/6LQWmWrT2Q,0,dlvr.it,
NATHANpvz the great dinosaur,1431063030259978241,"Arlington, TX",2023-01-19 15:14:34,@Blossomchamp Woooow. We‚Äôll the best way to avoid Covid is wear a mask all the time and wash your hands after every‚Ä¶ https://t.co/aXk6sXMYee,0,Twitter for iPhone,
Natalie,1360147888043683840,"Mansfield, TX",2023-01-19 14:59:24,@GermsAndNumbers @EpiEllie That is completely flawed logic.  A 747 carries about 420 passengers.  If you shot one p‚Ä¶ https://t.co/O0Y7PAdVg0,0,Twitter for Android,
ùîêùî¶ùîµùî±ùîûùî≠ùî¢,371576796,Ft Worth,2023-01-19 14:40:25,First workout back since Covid and it put me in the dirt,0,Twitter for iPhone,
Dixis Blue2,24299928,"Dallas/Fort Worth, TEXAS",2023-01-19 14:29:53,"$163 billion of COVID relief was stolen. Republicans must get to the bottom of it

https://t.co/Yw42Q9kKje",0,Twitter for iPhone,
Princess Pi Plays Bass,1485293096074203144,"Euless, TX",2023-01-19 14:29:12,@kksheld Got the original Covid and was sick for a week. No worse than any flu I ever had.  Got Delta three months‚Ä¶ https://t.co/ewIEWPC1qp,0,Twitter for Android,
Jim Irsik,1374877170351419410,"Fort Worth, TX",2023-01-19 13:29:37,@AlboMP @jacindaardern The majority of New Zealanders are overwhelmingly thankful that the tyrant is gone. Shut the‚Ä¶ https://t.co/ALbXh4Znh7,0,Twitter for iPhone,
Dana Litt,2612433236,"Fort Worth, TX",2023-01-19 13:12:51,@lopez_wd This was me the first year of COVID when I attempted to self-groom. I think I gave myself super villain brows.,0,Twitter for iPhone,
IAmAprilPhillips.com #Author #Nurse #Practitioner,1931671837,"Arlington, Texas",2023-01-19 11:10:04,"Are u #sick and #tired of #covid_19 #lockdown? Do you feel #scared, #sick and #lonely? Call April Phillips at 682-6‚Ä¶ https://t.co/HOTRemG93n",0,dlvr.it,
üåªüá∫üá¶üíôüíõùïµùñÜùñòùñíùñéùñìùñä ùñÇùñîùñëùñãùñäüíõüíôüá∫üá¶üåª,110228223,"Irving, TX",2023-01-19 10:09:28,@mvankerkhove @WHO There is no immunity to Covid ü§¶‚Äç‚ôÄÔ∏è,0,Twitter for Android,
Just Jeana- Bring Our Families Home,995553432147824640,"Fort Worth, TX",2023-01-19 09:38:59,"@Jim_Jordan R√©cord 7.8 Trill√≥n in d√©ficit spending in just the 4 yrs of Trump‚Äôs America.

It‚Äôs a testament to the B‚Ä¶ https://t.co/nLS24qDGbV",1,Twitter for iPhone,
üåªüá∫üá¶üíôüíõùïµùñÜùñòùñíùñéùñìùñä ùñÇùñîùñëùñãùñäüíõüíôüá∫üá¶üåª,110228223,"Irving, TX",2023-01-19 08:24:25,@kyleruggles The ruling class doesn't give a fuck about the rest of us but for what they can exploit us for. Childr‚Ä¶ https://t.co/V5Z5JBbHDr,0,Twitter for Android,
Torianna,3906608954,"Burleson, Texas",2023-01-19 08:05:05,@DailyCaller but we are already hostage to inflation- punishment for COVID. Everything is up &amp; costs rising for eve‚Ä¶ https://t.co/HOYCNWxSew,0,Twitter Web App,
Leonard Asbury,1594531572790738950,"Fort Worth, TX",2023-01-19 07:28:37,"@jeffreyab1968 @lindyli Yep, like trusting Anthony Fauci to head his COVID response. Donald Trump knew that he was‚Ä¶ https://t.co/3PDrWVpJCX",0,Twitter Web App,
lex.,3844092853,"Fort Worth, TX",2023-01-19 06:15:56,Bro calm tf down‚Ä¶ covid didnt stop the world from turning https://t.co/9T9bYFrSb8,0,Twitter for iPhone,
FOX 4 NEWS,16656350,Dallas - Fort Worth,2023-01-19 06:00:35,"Lucile Randon, known as Sister Andr√©, was also one of the world‚Äôs oldest survivors of COVID-19. She died just a few‚Ä¶ https://t.co/Yoh1E94NzR",2,True Anthem,
Ï†úÏûÑÏä§ Îãê üè≥Ô∏è‚Äçüåà,42376461,Dallas - Fort Worth ,2023-01-19 05:42:44,@TomiLahren Didn‚Äôt some Proud Boy recently die from covid?,0,Twitter for iPhone,
Sarah Brooks,1590072975646146561,"Fort Worth, TX",2023-01-19 05:17:21,@PeterObHuan @vgclements1 @Susanroseabbey1 I asked my pediatrician that question.  She said covid overpowered the f‚Ä¶ https://t.co/fYUSaMM9hR,0,Twitter for Android,
FiendInno,2781253152,"Fort Worth, TX",2023-01-19 04:33:31,@hoothathuh @aSinister @DelusionsMass @txfearsomefrank @6lennybravo @cbeckj @theDVSMarcus @Jaisans @drmkry‚Ä¶ https://t.co/pnBGoV231E,0,Twitter for Android,
Sun g,2388296983,"Irving, TX",2023-01-19 04:25:37,@PeterSweden7 Whereas $NVAX traditional vaccine never seen light during peak COVID times,0,Twitter for iPhone,
Jordan Dove,1585982560944984064,"Fort Worth, TX",2023-01-19 03:57:13,WATCH: Reporters Confront Pfizer CEO on His Ineffective COVID Vaccines - https://t.co/N1eDUA7c1m,0,Twitter for Android,
Scott  Millard,3033957053,,2023-01-19 03:22:07,"@Racethetrain45 @TexasNatMov @HEB @HEBScott Sorry, I don‚Äôt buy your arguments. They did a great job under the circu‚Ä¶ https://t.co/IUFFmMJ4SC",0,Twitter for iPhone,
‚òòÔ∏èERIC N‚òò‚ôé8Ô∏è‚É£,23598242,Texas - United States,2023-01-19 03:18:30,"@JackPosobiec She destroyed the Country and the people. She handled Covid like a dictator, and they are taking back their freedom.",0,Twitter for Android,
Siobahn Visconti / SaaS,1219727262796222464,"Fort Worth, TX",2023-01-19 03:13:03,"Chair Powell tested positive for COVID-19, is vaccinated, has mild symptoms, and is working remotely https://t.co/rPSIQHN0z6",0,SocialDog for Twitter,
Steve Jacobs,1434668084263014408,"Southlake, TX",2023-01-19 03:03:47,@gtconway3d COVID,0,Twitter for Android,
Rob,98257392,Fort Worth,2023-01-19 01:44:56,"Me in the garage looking through moving boxes:
‚Äúwhen did Kari get this skimpy black bra, oh it‚Äôs just two old covid‚Ä¶ https://t.co/DyHbr78ksp",0,Twitter for iPhone,
Heartland Populist,105386797,"Irving, TX, USA",2023-01-19 01:44:31,"While we‚Äôre on this degenerate topic, can I take time to promote the based Texas @Rangers ?? Also first team to ope‚Ä¶ https://t.co/8dwcYFOaxa",0,Twitter for iPhone,
Brian Poe Criminal Lawyer - Federal Nationwide Law,1325981833578885120,"Fort Worth, Texas",2023-01-19 00:39:59,Physician Convicted for Misappropriating Approximately $250000 from COVID-19 Relief Programs https://t.co/VK799n2XkI,0,Twitter for iPhone,
Gage Anderson,3318861608,"Arlington, TX",2023-01-18 23:11:16,"My comprehensive list of things that taste ‚Äúnormal‚Äù to me while having COVID:

‚Ä¢ avocados
‚Ä¢ chocolate

Thank you for coming to my TED talk",0,Twitter for iPhone,
Marilyn,935757026529038336,"Arlington, TX",2023-01-18 23:07:47,"@harryjsisson They are much more likely to die, since the vaccines more republicans die from Covid.",0,Twitter for iPhone,
Adrian V. ‚ÄúAvi‚Äù Barbour,1586119649388797952,"Fort Worth, Texas",2023-01-18 22:50:59,"COVID Jan 13, 2022: Update on Cases, Hospitalizations and Deaths https://t.co/TydhiGKnZ0 https://t.co/OQ97YWYdLd",0,SocialDog for Twitter,
James Latimer,1586554752325877761,"Southlake, TX",2023-01-18 22:47:11,"@CNN Incidentally, as a percentage, how effective is the COVID-19 so-called ""vaccine"" at preventing infection? ü§î https://t.co/9hrEbSs5S7",1,Twitter for Android,
L,330012810,"Dallas, TX",2023-01-18 22:29:22,So there was this thing called Covid 19 https://t.co/EPACCpjJVT,0,Twitter for iPhone,
Chris Smith Stanüáªüá¶üè≥Ô∏è‚Äçüåà,1524454026057854977,"Fort Worth, TX",2023-01-18 22:28:30,@ReturnNormalcy @lordofthefantas @CommonM24045307 Nobody would even be talking about a primary. Most people would s‚Ä¶ https://t.co/rKZ0AvI6KY,0,Twitter for iPhone,
bng ü•Ä,1323495573920620544,"Fort Worth, TX",2023-01-18 21:56:45,why is it that when i take PTO I always come back with CovidüôÉ,0,Twitter for iPhone,
kyle big ass head,846332203,"Fort Worth, TX",2023-01-18 21:23:07,"@ScottFishman @StephenKing Kids not getting the jab caused breakouts of deadly disease, measles, mumps, and most re‚Ä¶ https://t.co/0jTkuKLI2x",0,Twitter for iPhone,
Elon Musk is a Hypocrite,1423422651280801795,"Irving, TX",2023-01-18 20:05:48,"@Jessica66784004 @SpiroAgnewGhost I guess, technically, COVID is over...   for him at least.",0,Twitter for Android,
ohianiistubbornproud,1282755974063939584,"Texas,Arlington",2023-01-18 20:01:52,"During the covid pandemic, I had to go meet someone at Labadi.I was late so the person decided to go into the beach‚Ä¶ https://t.co/c9XWT7qqGU",0,Twitter for iPhone,
NASA Shill Nuclear MAGA Lord Agnew,20753689,"Cleburne, TX",2023-01-18 19:47:01,"@healthbyjames Nope. Kept my covid symptoms minimal and I‚Äôm still alive, no ‚Äúlong covid‚Äù. People have always ‚Äúdied‚Ä¶ https://t.co/ktbedtAm0c",0,Twitter for iPhone,
Kenneth jividen,1541814803278307328,"Fort Worth, TX",2023-01-18 19:39:37,Killed by the covid police. https://t.co/Iu4sDugHAt,0,Twitter for Android,
micah k,1432757442102939654,"Fort Worth, TX",2023-01-18 19:07:16,@ChrisPetrie19 @venegas_melinda @Edi81868393 @Matthew61355742 @P_McCulloughMD just an update.i tested positive for‚Ä¶ https://t.co/He6Oduf8jX,0,Twitter for iPhone,
Marilyn,935757026529038336,"Arlington, TX",2023-01-18 18:52:27,"@leftcoastbabe I‚Äôm up to 5 Covid, 1 shingles and 3 annual flu shots so far.",0,Twitter for iPhone,
Lloyd Wheeler,3230929740,"Crowley, Texas",2023-01-18 18:38:34,@POTUS Not enough to make up for all the businesses y‚Äôall closed during Covid!!,0,Twitter for iPhone,
Management Impact Solutions Consulting,4734524106,"Fort Worth, TX",2023-01-18 18:36:44,Gov. Ron DeSantis proposes permanent ban on Covid mandates in Florida (NBC News) https://t.co/Ukv1h29PMx https://t.co/KKWbwFSpaO,0,SocialDog for Twitter,
Zachary‚ôìÔ∏èüéÑ‚ò≠,2972123237,"Fort Worth, TX",2023-01-18 18:22:24,this is so reassuring because i‚Äôve been having so many heart problems since i had a very mild case of covid https://t.co/QrGGO4yGqB,0,Twitter for iPhone,
Kelly Ingram,709018165783633921,"Fort Worth, TX",2023-01-18 18:18:45,@healthbyjames Trust! I don‚Äôt trust them after what I saw during COVID!,0,Twitter for iPhone,
Jordan Dove,1585982560944984064,"Fort Worth, TX",2023-01-18 18:14:26,"Cardiologist goes off script on live TV, warns covid vaccines pose a cardiovascular risk and must be shut down https://t.co/zfMPeEIDft",0,Twitter for Android,
Liquidity Lighthouse,1137138575374503936,"Bedford, TX",2023-01-18 17:50:16,"Chair Powell tested positive for COVID-19, is vaccinated, has mild symptoms, and is working remotely #federalreserve https://t.co/JRKDEdgbKD",0,LiquiditySquawk,
Jordan Dove,1585982560944984064,"Fort Worth, TX",2023-01-18 17:43:59,"Pfizer, Fauci staffers sign off on research finding mRNA COVID vaccines produce worse antibodies https://t.co/SwiNgx3nMd via @JustTheNews",0,Twitter for Android,
Way Cool III,174803661,"DFW, TX",2023-01-18 17:18:37,@rhylanrowe I bought some Lukas last night because I had CoVid and I deserve something nice.,0,Twitter for iPhone,
Jeri üåªüá∫üá¶,36961365,Dallas - Fort Worth,2023-01-18 17:16:23,"@POTUS If only you had a minute to give a sh*t about SARS-COV-2! You only care about keeping people working, spendi‚Ä¶ https://t.co/IcD3JKPHoW",0,Twitter for Android,
Jeri üåªüá∫üá¶,36961365,Dallas - Fort Worth,2023-01-18 17:04:26,"@WhiteHouse Biden needs to tell us the truth about SARS-COV-2, mandate masking and air quality measures in business‚Ä¶ https://t.co/RS8ZkvYaIq",0,Twitter for Android,
David Eller,996554605,"Fort Worth, TX",2023-01-18 16:51:26,"@AlexBerenson If covid becomes asymptomatic, then how does the body recognize the presence of the spike protein out‚Ä¶ https://t.co/yQOwHoprBC",2,Twitter for Android,
Melanie Alexander maga republican,1362186522062110720,"Burleson, TX",2023-01-18 16:50:19,@Belinda71555585 Covid was on purpose,4,Twitter for iPhone,
David Eller,996554605,"Fort Worth, TX",2023-01-18 16:50:07,"@AlexBerenson I believe covid has certainly weakened the immune systems of everyone, enabling other problems. The m‚Ä¶ https://t.co/zTQ15ikNC1",4,Twitter for Android,
LaylaTexas77üåπ,1543423972477468676,"Fort Worth, TX",2023-01-18 16:39:19,House Republicans Introduce Bill to ‚ÄòTerminate‚Äô COVID-19 Health Emergency https://t.co/bBHYX9XxbY,2,Twitter for iPhone,
Royce Hood,1549159819734654977,"Fort Worth, Texas",2023-01-18 16:38:11,While significant numbers of the missing men by Eberstadt can be described by traits of being disadvantaged by inco‚Ä¶ https://t.co/nl2gQMRbJW,0,Twitter Web App,
GodLovesTheTruth,1591002215363346434,"Arlington, TX",2023-01-18 16:34:23,"@MattWallace888 We knew that‚Ä¶ hospitals were getting 40,000 per Covid deaths and they were counting Covid deaths ca‚Ä¶ https://t.co/p4NSrRyi3S",0,Twitter for iPhone,
FiendInno,2781253152,"Fort Worth, TX",2023-01-18 16:24:14,@hoothathuh @aSinister @DelusionsMass @txfearsomefrank @6lennybravo @cbeckj @theDVSMarcus @Jaisans @drmkry‚Ä¶ https://t.co/L4cnL3QH3x,0,Twitter for Android,
FiendInno,2781253152,"Fort Worth, TX",2023-01-18 16:17:02,@hoothathuh @aSinister @DelusionsMass @txfearsomefrank @6lennybravo @cbeckj @theDVSMarcus @Jaisans @drmkry‚Ä¶ https://t.co/Qun77BXTaF,0,Twitter for Android,
JT Duece,2288287278,"Fort Worth, TX",2023-01-18 16:08:31,"@gtconway3d Ummm. I hate to cite the obvious, but isn't that when covid hit......",0,Twitter for Android,
Bruce Richards üá∫üá∏üåàüíô,1356279160637943809,"Fort Worth, TX",2023-01-18 15:54:08,@JohnathanPerk Im retired and deliver paint all over town. Been vaxed and boosted. Wear a mask when it looks like I should. No covid so far.,0,Twitter for Android,
Dragon Fan 817,1204943916312780800,76092,2023-01-18 15:37:08,@akheriaty It‚Äôs almost like there was more money and power to be gained with Covid infections vs flu,0,Twitter for iPhone,
Management Impact Solutions Consulting,4734524106,"Fort Worth, TX",2023-01-18 15:36:41,DeSantis proposes policy permanently banning Covid-19 vaccine and mask requirements and other pandemic mitigation m‚Ä¶ https://t.co/SvCG7ELIFR,0,SocialDog for Twitter,
Julio Gonzalez,908516783207976960,"Arlington, TX",2023-01-18 15:33:21,@DeAnna4Congress I had COVID when omicron was going on so why get the vaccine when I have the immunity,0,Twitter for iPhone,
FOX 4 NEWS,16656350,Dallas - Fort Worth,2023-01-18 15:30:39,"Lucile Randon, known as Sister Andr√©, was also one of the world‚Äôs oldest survivors of COVID-19. She died just a few‚Ä¶ https://t.co/JTdVWYgldJ",2,True Anthem,
TheRollingDogProject,2991624079,"burleson, texas",2023-01-18 15:30:15,@MattWallace888 Nobody had to tell me that! Totally f_cking obvious as Covid was a business venture and nothing else.,0,Twitter for Android,
pimp c‚ú®,2723247411,"Arlington, TX",2023-01-18 15:26:23,Patients really be thinking they don‚Äôt have covid bc they got the shot.,0,Twitter for iPhone,
@citizenkane63,1600606139317719040,"North Richland Hills, TX",2023-01-18 15:17:04,If the covid science is tainted by the DOD. What's the point of reference? https://t.co/PWpbZkG91b,0,Twitter for Android,
OkeyMor Taking a stand for justice with receipts,15720875,"Fort Worth, TX",2023-01-18 14:38:35,"@healthbyjames Just so you know James, 69.1% of the world population has received at least one dose of a COVID-19 v‚Ä¶ https://t.co/Cgws8CUM70",0,Twitter for iPad,
Michael Litterous,1602441324342513665,"Fort Worth, TX",2023-01-18 14:19:16,"@StudentsDemand How can guns be the leading cause of death when Covid still exists? Y‚Äôall Covid is killing 2,486 kids per day‚Ä¶",0,Twitter for iPhone,
Jeff Childers üá∫üá≤‚ù§Ô∏èüá∫üá¶üåª,82370985,"Hurst, TX",2023-01-18 14:04:49,@DrAGrace_cyhtt Also assumes people suffering have time or energy to discuss it at length or that everyone even rec‚Ä¶ https://t.co/kwSdklmilv,0,Twitter for Android,
Jennifer Ballard,2224150614,"Fort Worth, TX",2023-01-18 14:00:04,@healthbyjames Because so many doctors who were successfully treating Covid were being vilified and censored.,0,Twitter for iPhone,
Melanie Alexander maga republican,1362186522062110720,"Burleson, TX",2023-01-18 13:44:43,"Pfizer, Fauci staffers sign off on research finding mRNA COVID vaccines produce worse antibodies | Just The News https://t.co/bl9ggWAEZO",0,Twitter for iPhone,
üá∫üá≤Rick Percocoüá∫üá≤,4228739253,"Fort Worth, TX",2023-01-18 13:25:06,@benmarblemd Haha nope I'm unvaxxed and have never had covid.,0,Twitter for Android,
Jamie Plunkett,240039251,"Fort Worth, Texas",2023-01-18 13:11:08,This picture was taken just hours before the West Virginia governor tested positive for COVID. Will be interesting‚Ä¶ https://t.co/hcjFBjX1L4,0,Twitter for iPhone,
THEE daltx85,35876118,"Dallas, Texas",2023-01-18 13:07:05,Tough shit- cope. There are numerous vaccines required for servicemembers and have been long before covid https://t.co/GbzskLLlUo,10,Twitter for iPhone,
pattyinfw,4002528663,"Fort Worth, TX",2023-01-18 13:00:35,Covid was the flu. https://t.co/yeNdlwdQN7,0,Twitter for iPhone,
Liquidity Lighthouse,1137138575374503936,"Bedford, TX",2023-01-18 13:00:04,Covid: China 2022 economic growth hit by coronavirus restrictions https://t.co/qZWCIs3oyt #finance #financial #finanzas #finanza,0,LiquiditySquawk,
üåªüá∫üá¶üíôüíõùïµùñÜùñòùñíùñéùñìùñä ùñÇùñîùñëùñãùñäüíõüíôüá∫üá¶üåª,110228223,"Irving, TX",2023-01-18 12:18:47,"They're literally killing us. No Covid mitigations for us but hepa filters, proper ventilation, and mandatory PCR t‚Ä¶ https://t.co/XqzL7YUsDX",0,Twitter for Android,
Pacomalito da Grunt,1586330485374029827,"Fort Worth, TX",2023-01-18 12:15:57,"So sad ‚Äúsudden medical emergency‚Äù translation, Covid VAXXX https://t.co/A3dq0AoqPL",0,Twitter for iPhone,
Liquidity Lighthouse,1137138575374503936,"Bedford, TX",2023-01-18 12:03:10,Foxconn replaces iPhone business chief after tumultuous year of protests and zero-Covid woes in China‚Ä¶ https://t.co/lxRVRaGavf,0,LiquiditySquawk,
Kim Tran,1126625955785498624,"Arlington, TX",2023-01-18 06:39:45,"China offers olive branch to the west at World Economic Forum, but some still skeptical.
China‚Äôs economy has taken‚Ä¶ https://t.co/cRBGRZYign",0,Twitter for Android,
timschabel,18992181,"Fort Worth, TX",2023-01-18 06:11:11,@JwMeyn @healthbyjames Not everyone ‚Ä¶ come on. Covid killed a lot of people and will kill some more. Not a Covid va‚Ä¶ https://t.co/hSTuCjaBRQ,0,Twitter for iPhone,
Jerry McConway,37361439,"Grapevine, TX",2023-01-18 05:52:13,"Pretty much what @RandPaul has been saying all along, but we cannot report this on our website because we will get‚Ä¶ https://t.co/rXtpCRduVn",0,Twitter Web App,
ShowBoat...,1343262186,"Fort Worth, TX",2023-01-18 05:36:14,I went 5 years on my red truck was 2018  only got a ticket for it once I blamed it on Covid and tolls warning shit‚Ä¶ https://t.co/WfHQliG7t0,0,Twitter for iPhone,
Elon Musk is a Hypocrite,1423422651280801795,"Irving, TX",2023-01-18 05:04:47,"@RealWoman2023 @elonmusk @SamTwits @alexandrosM Yo, COVID impact is undercounted. Look at excess deaths in 2020 vs‚Ä¶ https://t.co/d3KvTpCORe",0,Twitter for Android,
Terri Rimmer,1508933475407122448,"Fort Worth, TX",2023-01-18 04:51:52,Amy Brenneman Recalls Jeff Bridges 'Fighting for His Life' Amidst COVID Battle While Filming 'The Old Man'‚Ä¶ https://t.co/bpZj8V6zwM,0,Twitter Web App,
Jordan Dove,1585982560944984064,"Fort Worth, TX",2023-01-18 03:52:41,Vaccine Manufacturers ‚ÄòPressured‚Äô Twitter to Censor Activists Demanding Generic COVID Vaccine - https://t.co/l1p6hCBXtD,0,Twitter for Android,
Kirk Brown,3319407199,"Arlington, TX",2023-01-18 03:23:35,@jeepgirl9272 I'm in no way a conspiracy theorist. But I have worked in government my entire adult life and I have‚Ä¶ https://t.co/TkDDWiwj1v,0,Twitter for Android,
Brady West,1614477006946566147,"Fort Worth, TX",2023-01-18 03:02:15,@elmforkJBGC Maybe the next round of covid will take him down ü§û,0,Twitter for iPhone,
M&O Grill @Foundry,870731527,"Fort Worth, TX",2023-01-18 02:44:51,Making it through the Covid storm. https://t.co/M3XXufEMlp via @YouTube,0,Twitter Web App,
ravinder kondapalli,38212398,"irving, TX",2023-01-18 02:29:37,Now CNN is talking over over counting Covid deaths.. they made it worse on india nos üòÉ https://t.co/HvlDNLqZkL,0,Twitter for iPhone,
Darrell Dunn,184114436,"Fort Worth, TX",2023-01-18 02:29:02,@JawnyReb @NBCNews Not Covid.,0,Twitter for Android,
Scott  Millard,3033957053,,2023-01-18 02:20:53,@TexasNatMov @HEB @HEBScott H‚ÄëE‚ÄëB came through during the Covid lockdown. If anything they are the GOAT of grocery stores.,0,Twitter for iPhone,
lili,2399053568,"Fort Worth, Tx",2023-01-18 02:20:32,fuck covid fr,0,Twitter for iPhone,
Tracey vavrin,3158148980,"Fort Worth, TX",2023-01-18 01:32:11,"@MPerren Oh no.. sorry you‚Äôre still feeling bad! I hope it‚Äôs not Covid, but if it is I hope it‚Äôs a mild case! Sending hugs",0,Twitter for iPhone,
Jordan Martirossian,185037738,"Fort Worth, TX",2023-01-18 00:46:25,"@GovRonDeSantis Most medical professionals support things like vaccinations, including the COVID vaccine, public ma‚Ä¶ https://t.co/1eNvEgXbAp",0,Twitter Web App,
Jordan Martirossian,185037738,"Fort Worth, TX",2023-01-18 00:42:53,"@jimmy_dore Compared to previous variants and subvariants.  

You're still better protected with the COVID vaccine than without.",0,Twitter Web App,
micah k,1432757442102939654,"Fort Worth, TX",2023-01-18 00:18:40,@ChrisPetrie19 @venegas_melinda @Edi81868393 @Matthew61355742 @P_McCulloughMD i had jnj 17 months ago and caught co‚Ä¶ https://t.co/iu40FeItpN,0,Twitter for iPhone,
Jai Chitkara,17012261,"Colleyville, TX",2023-01-18 00:15:38,@nickgerli1 But I don't see a market crash yet. It did not even reach Covid 2020 levels. https://t.co/E7MuAodo2O,0,Twitter for iPhone,
Elon Musk is a Hypocrite,1423422651280801795,"Irving, TX",2023-01-18 00:05:56,"@BonkDaCarnivore @MorphingReality @catturd2 @elonmusk @RobertKennedyJr Globally, vaccinated individuals have had a‚Ä¶ https://t.co/9strrfDMWr",0,Twitter for Android,
Shayne Seymour,14600886,"Fort Worth, TX",2023-01-18 00:02:02,"What changes in travel from COVID would you like to see stick around? 

https://t.co/glrTfW7c0t 
#traveltalk‚Ä¶ https://t.co/tRhxos7iDp",0,CoSchedule,
A Throne of Souls,751482387171651584,"Roanoke, TX",2023-01-18 00:01:07,Determined to tell us what to do and when/where to do it! I refuse to wear a mask! I refuse to continue to play int‚Ä¶ https://t.co/cp3e7NSu9R,0,Twitter for iPhone,
@citizenkane63,1600606139317719040,"North Richland Hills, TX",2023-01-17 23:45:47,The boosters only serve to keep covid mutating https://t.co/1RpH8qOcdn,2,Twitter for Android,
mark,1596810919731929088,"Fort Worth, TX",2023-01-17 23:09:17,"@POTUS You lied about covid. You killed 100,000's.",0,Twitter for Android,
Jeff Childers üá∫üá≤‚ù§Ô∏èüá∫üá¶üåª,82370985,"Hurst, TX",2023-01-17 23:02:52,"@MempisMafia @RisetteMD @CosmosMom1 Honestly don't want to waste energy but just search for it.

There's even a rep‚Ä¶ https://t.co/aXpRzIEX6Z",0,Twitter for Android,
Scoop Jefferson,40963655,"Dallas Fort Worth, Texas",2023-01-17 22:52:13,Small businesses in Tarrant Co like M&amp;O Station Grill no longer have to be concerned about a COVID shut down threat‚Ä¶ https://t.co/tGhqH6nqp7,0,Twitter for iPhone,
Amber Deese Owens,77606200,"Fort Worth, Texas USA",2023-01-17 22:35:37,NY state health agency considers nixed COVID vaccine mandate for healthcare workers https://t.co/MABJAJ94uQ https://t.co/3BU5BTf9rJ,0,dlvr.it,
Johnny3Legs,1087385667871469568,"Grapevine, TX",2023-01-17 21:59:48,@ZacOllie87 @TheJurassicNoob @WrestleTalk_TV It's only the 2nd time because the covid version's season never actual‚Ä¶ https://t.co/ci0sHv1i47,0,Twitter for Android,
Ryback,985758954268647424,"Texas, USA",2023-01-17 21:28:30,rsv/covid/flu all ruled out‚Ä¶meaning yet again this is indeed the annual strep throat/sinus infection case I‚Äôm dealing with üôÑ,0,Twitter for iPhone,
Bloopity Bloop,2324299597,"Dallas, TX",2023-01-17 21:07:54,Not surprised ab the Covid death #‚Äôs.,0,Twitter for iPhone,
"Holly Hungerford-Kresser, PhD",4779761730,"Arlington, TX",2023-01-17 21:03:29,@42soho Do your professors know what you are dealing with? As a professor with Long COVID who teaches online course‚Ä¶ https://t.co/wp6rqk8aRH,0,Twitter for iPhone,
TSA,90564300,"Southlake, TX",2023-01-17 21:00:49,"COVID's Impact on Shopping, Supply Chain Remains Profound
https://t.co/RO88OHpumq",0,Hootsuite Inc.,
"Holly Hungerford-Kresser, PhD",4779761730,"Arlington, TX",2023-01-17 20:40:42,"@42soho @AaronCa11 I have a close friend w/LC &amp; we voted to make an app called LCLC, from our new (but fake) LLC. L‚Ä¶ https://t.co/W4bx5aH5kU",0,Twitter for iPhone,
Amber Deese Owens,77606200,"Fort Worth, Texas USA",2023-01-17 20:04:33,Amazon Clinic offering COVID-19 treatment https://t.co/ougkyLqQ0b,0,dlvr.it,
Robin Barber,13104832,"Fort Worth, TX",2023-01-17 19:46:44,@genehack I hate being in public anymore. People are way ruder since COVID,0,Twitter for Android,
Joshua Wheeler,41879041,"Fort Worth, Texas ",2023-01-17 19:43:36,Survived the Winter of Death. Survived COVID toe. MVP of COVID. I went from nearly hating this dude to becoming a b‚Ä¶ https://t.co/W05Rgr5G28,0,Twitter Web App,
üåªüá∫üá¶üíôüíõùïµùñÜùñòùñíùñéùñìùñä ùñÇùñîùñëùñãùñäüíõüíôüá∫üá¶üåª,110228223,"Irving, TX",2023-01-17 19:32:55,@kyleruggles Yep. Healthcare systems are collapsing globally. The airline industry isn't in great shape. And they'r‚Ä¶ https://t.co/OBc2XmzV4M,0,Twitter for Android,
Melanie Alexander maga republican,1362186522062110720,"Burleson, TX",2023-01-17 19:17:38,"Judge Strikes Down New York's 'Orwellian' Covid Vaccine Mandate as 'Null, Void, and of No Effect' https://t.co/OXzSYbRfEF",1,Twitter for iPhone,
Melanie Alexander maga republican,1362186522062110720,"Burleson, TX",2023-01-17 19:11:15,"Over 1,600 Children Aged 5 to 11 Experienced Systemic Reactions After Getting a New COVID-19 Booster: CDC Study

https://t.co/GmSv1RtQOa",0,Twitter for iPhone,
Cindy,2680535174,,2023-01-17 19:03:39,"@imbluesparrow @P_McCulloughMD @C_Memo2020 @TexasLindsay_ Except it‚Äôs not conjecture.

https://t.co/YHzfm1z775",0,Twitter for iPhone,
Connor McCarley,385784793,"Fort Worth, TX",2023-01-17 18:25:34,@KickItWithSlay Man I tested negative for covid but been feeling like as for like 3 weeks,0,Twitter for iPhone,
Jeri üåªüá∫üá¶,36961365,Dallas - Fort Worth,2023-01-17 18:00:15,"@POTUS Gosh, mandating schools and businesses do something to clean the Covid infected air would be so very helpful‚Ä¶ https://t.co/OfJusOvooG",0,Twitter for Android,
Elon Musk is a Hypocrite,1423422651280801795,"Irving, TX",2023-01-17 17:29:33,"@catturd2 @elonmusk @RobertKennedyJr Based on review of excess deaths compared to the average, we have probably UNDERcounted COVID deaths.",0,Twitter for Android,
Elon Musk is a Hypocrite,1423422651280801795,"Irving, TX",2023-01-17 17:28:20,@RobertKennedyJr It is still pretty stupid. The easy way to determine the impact of COVID is to measure excess deat‚Ä¶ https://t.co/QNuP8zi4ET,0,Twitter for Android,
Ella. That's all.,3219633794,"Roanoke, Texas",2023-01-17 17:13:48,"@RicharA48 @yesnicksearcy Yeah, but falling off a ladder is one of the symptoms of covid. Everyone knows that.",0,Twitter Web App,
Kim Feil,43735510,Arlington TX,2023-01-17 17:06:54,@drclairetaylor @DavidSteadson hope they show those that passed vaccine status so if too young to have been vaccina‚Ä¶ https://t.co/WnqgmyuKZF,0,Twitter Web App,
SkyGoFly,4520063112,"Southlake, TX",2023-01-17 17:03:18,Qantas to Offer Double Frequent Flyer Points for Travel Credits from Covid Era https://t.co/EKW8F3MZvc #qantas https://t.co/kbMw40iCeC,0,The Social Jukebox,
RON DMC,1287802955664625668,"Fort Worth, Texas, USA",2023-01-17 16:45:06,"Where can I find ""Covid-19 Vaccine free"" beef?",0,Twitter Web App,
Dr. Chim Richalds,91166792,"Fort Worth, TX",2023-01-17 16:44:07,"Rob Reiner level lack of self awareness. Normally, I would award her half credit for arriving at the correct conclu‚Ä¶ https://t.co/nzqAmV4T5v",0,Twitter for iPhone,
Management Impact Solutions Consulting,4734524106,"Fort Worth, TX",2023-01-17 16:35:02,Supreme Court Rejects Appeal on Use of Covid Aid for Tax Cuts (Greg Stohr/Bloomberg) https://t.co/ZTvjAA7GVu https://t.co/gLmnElmf9v,0,SocialDog for Twitter,
RockCheetah,19733334,"Irving, TX",2023-01-17 16:19:05,Visitors spent more time in Singapore in 2022 compared to before Covid pandemic https://t.co/M6Rff7tXao #news,0,dlvr.it,
Scott Smith,1491073391574634498,"Ft. Worth, TX",2023-01-17 16:10:12,@simonateba @maddow The people in Africa have been consuming Hydroxychloroquine for decades to fight miliaria and T‚Ä¶ https://t.co/JVfFJOTNSR,0,Twitter Web App,
Wayne B. Stoltenberg,1071396241681068032,"Westlake, TX",2023-01-17 15:55:51,@rycunni I first thought the mortality rate was much higher than it actually was.  When Dr. Birx said that they wer‚Ä¶ https://t.co/8GAFKAmGmI,0,Twitter for iPhone,
Coach Brown,886741573043720193,"Fort Worth, TX",2023-01-17 15:51:00,"Me: Where is your laptop at?

Student: it‚Äôs dead

Me: Why didn‚Äôt you charge it?

Student: I had COVID

Me: https://t.co/NoUAUyWrMT",0,Twitter for iPhone,
Mike Zaharis,720256220691443713,"Fort Worth, TX",2023-01-17 15:49:32,"@alexandrosM @sc101_101 @elonmusk @SamTwits So, you're saying that Covid will only last two years, and we're three‚Ä¶ https://t.co/jW7PQ0doLK",0,Twitter Web App,
Amber Deese Owens,77606200,"Fort Worth, Texas USA",2023-01-17 15:28:35,"Pregnant people with COVID-19 face higher death risk, large study finds https://t.co/Um4P2igIJ3",0,dlvr.it,
Wesley Craig Ownby,22194895,"Arlington, TX",2023-01-17 15:01:31,Look at this news article from The Daily Caller: COVID Vaccine Manufacturer BioNTech Pressured Twitter To Censor An‚Ä¶ https://t.co/nwXCWQvJSv,0,Twitter for iPhone,
OkeyMor Taking a stand for justice with receipts,15720875,"Fort Worth, TX",2023-01-17 14:43:57,"@RepMTG I bet this has nothing to do with the vaccines but maybe if we gave Trump the credit he craves, you'd stop‚Ä¶ https://t.co/S52PH8KFov",0,Twitter for iPad,
john garrett,50393727,"Roanoke, TX",2023-01-17 14:15:44,@GUYSCOT99730677 @healthbyjames take this daily and you wont get covid. its that simple. no need for a vax. https://t.co/OXKBds79gE,0,Twitter for Android,
Michael Anderson,394767189,"Aledo, TX",2023-01-17 14:12:07,@goddeketal Have had a flu shot every year for 20 years when they rolled this out I did some research have not take‚Ä¶ https://t.co/dlvfF1qA5r,0,Twitter Web App,
Michael Coley,36687747,"Mansfield, Texas",2023-01-17 13:42:19,"@ianmSC Looks to be much lower than that, based on seroprevalence studies: https://t.co/9YvxGSGxxj",0,Twitter Web App,
Amber Deese Owens,77606200,"Fort Worth, Texas USA",2023-01-17 13:33:04,COVID-19 admissions dip as XBB.1.5 spreads¬† https://t.co/6PMuKORDqp,0,dlvr.it,
Brian Poe Criminal Lawyer - Federal Nationwide Law,1325981833578885120,"Fort Worth, Texas",2023-01-17 13:28:28,Federal Correctional Institution in Marianna suspends visitations due to COVID-19 https://t.co/Y1hXhtUapB,0,Twitter for iPhone,
Dax Edwards,597239834,"Southlake, TX",2023-01-17 13:18:58,"@Anthr0p0m0rph I had the HPV vax (3rd shot ), flu, covid 5th booster, mpox 2nd shot  all between October 1- 7th. Th‚Ä¶ https://t.co/7ikfEFEjGz",0,Twitter for iPhone,
Joshua Browning,1363131542424358912,"Arlington, TX",2023-01-17 12:55:37,@IDoTheThinking Being pro vehicle is the new anti covid vaxx. They ridicule you into compliance. These people can n‚Ä¶ https://t.co/eOaJCOlgiS,0,Twitter for iPhone,
Grace Services,1494755740514463746,"Arlington, TX",2023-01-17 12:29:00,"https://t.co/oSdktcSp0l OR ‚òéÔ∏è+1 (214) 247 6146 for SAP Assessment or SAP Treatment/Education Services
* Next Day Ap‚Ä¶ https://t.co/bOOQcNgK3w",0,Canva,
Israel Stagman,1040080514,Euless,2023-01-17 11:09:56,"""China‚Äôs Abrupt Reversal of ‚ÄòZero Covid‚Äô"" by Sabrina Tavernise, Alex Stern, Diana Nguyen, Stella Tan, Shannon Lin,‚Ä¶ https://t.co/5L5fKUXQwn",0,IFTTT,
Byron,1099186630915751936,"Fort Worth, TX",2023-01-17 10:34:40,@RightisRightPA Nah you gave her that unvaxxed D and she said ohh orange man vlad you too much for me long time.Hah‚Ä¶ https://t.co/8hdVhrz6ZF,0,Twitter for Android,
Maggie May,25026256,"Fort Worth, TX",2023-01-17 08:35:53,@churchill_paula @NancyLeeGrahn @Disney @VibratoJazz @NancyLeeGrahn  I was one of the very early cases of covid-19‚Ä¶ https://t.co/joAoqiLgvy,0,Twitter for Android,
Aaron Soderstrom,296821379,"Southlake, TX",2023-01-17 08:25:34,China's Lunar New Year travel offers spark of economic rebound from COVID crunch https://t.co/HtbSmNPJXu,0,dlvr.it,
Chuck O'Connell,3189073273,"Fort Worth, TX",2023-01-17 07:39:10,@Zibanejesus A lotta Bromancing these days. I blame COVID. #NYR,0,Twitter for Android,
Ming the Merciless,16229683,All over,2023-01-17 06:08:10,@polaris4546B @UhMerifat @nypost That's what Covid's for...solving poverty and ageing population crisis at the same time...,0,Twitter for Android,
The Victory Channel,43613339,"Fort Worth, Texas, USA",2023-01-17 05:15:22,"Washington Post columnist Doctor Leana Wen admits Covid number were ‚Äúexaggerated‚Äù.

‚ÄúThis is why our constitutions‚Ä¶ https://t.co/c37fjXnepY",4,Twitter for iPhone,
‚òòÔ∏èERIC N‚òò‚ôé8Ô∏è‚É£,23598242,Texas - United States,2023-01-17 05:09:19,"All the intelligent people knew about the lies regarding Covid deaths! 3 years later, it's finally coming out as be‚Ä¶ https://t.co/ZcMvjkn0rJ",0,Twitter for Android,
John Henry,99228680,,2023-01-17 04:17:02,I heard Russell Gage received a Covid booster from Jack Ruby. #CovidVaccine #DALvsTB,0,Twitter for Android,
Rokgodes,18377322,"Blue Mound, TX",2023-01-17 04:05:44,"@stella_immanuel When the ‚ÄúPandemic‚Äù was announced, my spicy sense alerted. I researched &amp; found ya‚Äôll &amp; implemente‚Ä¶ https://t.co/RYw67ycXRk",0,Twitter for iPhone,
Davion Waters,1345212627354611712,"Arlington, TX",2023-01-17 03:31:03,@TheHilaryBuff Oh we still on COVID vaccines? I thought we moved to monkey pox or did I miss that meeting?,0,Twitter for iPhone,
David Simpson,187175195,Dallas/FTW,2023-01-17 03:04:40,"Called it the worse case of Covid yet, collected $33k from HHS. https://t.co/uBu1oeWkpi",1,Twitter for iPhone,
Melly,1478224052,"Fort Worth, TX",2023-01-17 02:37:17,@MrFourToEight Can I please jab you with the COVID vaccine?,0,Twitter for iPhone,
Joseph D,66227179,"Fort Worth, TX",2023-01-17 01:42:55,"FE, Then Covid, Then surgery for a serious cyst removal, followed by a calcaneal strain

This has been rough but I'm back!",0,Twitter for Android,
Bryan Russell,32787589,"Grapevine, TX USA",2023-01-17 01:42:27,"@jbelladonna @Anthrax Not gonna make up the Dallas date lost due to Covid?
üòäüòä",0,Twitter for iPhone,
Michael Coley,36687747,"Mansfield, Texas",2023-01-17 01:38:00,"@MatthewDavidH Totally agreed.  It makes a huge difference in those ages 50 and up, but it could have made a big di‚Ä¶ https://t.co/I3WBxvgwek",0,Twitter Web App,
‚òòÔ∏èERIC N‚òò‚ôé8Ô∏è‚É£,23598242,Texas - United States,2023-01-17 01:29:54,"@healthbyjames And there you have it...
The vaccine was part of a larger plan! Never about Covid.
#NewWorldOrder",0,Twitter for Android,
FrankOhNo,1596720892670889984,"Mansfield, TX",2023-01-17 01:03:44,@ClownWorld_ The vaccine that prevented you from getting Covid you twit,0,Twitter for iPhone,
Bikker,3345409835,"Fort Worth, TX",2023-01-17 01:03:08,"@JolentaG Wear a N95 mask. It protects the wearer. Masks only protect the wearer. Covid nurses use n95 masks, their‚Ä¶ https://t.co/BgOtymjZ5y",0,Twitter for iPhone,
JagsfaninDFW,730473015075438593,"Fort Worth, TX",2023-01-17 00:50:46,"@ac_ec @DUVAL_DOOM @JagsandRedsfan @PaulieP If it was AA, they eliminated free drinks in main cabin extra when Covid hit",0,Twitter for iPhone,
JagsfaninDFW,730473015075438593,"Fort Worth, TX",2023-01-17 00:48:10,@DUVAL_DOOM @ac_ec @JagsandRedsfan @PaulieP Exactly.  AA sent me an email with free access to the admiral‚Äôs clubs f‚Ä¶ https://t.co/DrrWCLqFRX,0,Twitter for iPhone,
Byron,1099186630915751936,"Fort Worth, TX",2023-01-17 00:35:49,@PeterSweden7 Its all a hoax.Its the flu and the hospitals are paid off per person to lie to everyone and mark ever‚Ä¶ https://t.co/rJPgUrkJim,0,Twitter for Android,
Bryce Young time maybeü§∑‚Äç‚ôÇÔ∏è,986067310720028672,Saginaw tx,2023-01-17 00:34:08,@ReynAmazing93 If it‚Äôs an option. Try Noom. I did it during Covid and lost 100lbs. Gained it back but that‚Äôs my fau‚Ä¶ https://t.co/yjcJ8CmJMl,0,Twitter for iPhone,
Phillip Schmitz,25919803,"Euless, TX",2023-01-17 00:16:45,"@SpotterBrett As for someone that got the vaccine, and then got Covid twice. 

Yea I agree",0,Twitter for iPhone,
Young Queso,73427570,"Fort Worth, TX",2023-01-17 00:03:39,@PEJ1952 @AeonCoin @michael_hoerger It‚Äôs untrue because antigens or viral genetic material determine whether you ha‚Ä¶ https://t.co/WsWYi9xTyh,0,Twitter for iPhone,
Jamayo,1126180724535644160,"Fort Worth, TX",2023-01-16 23:50:29,"@jamieleecurtis u really do live in bizzarro world, get real, and no my last words and thoughts in this world will‚Ä¶ https://t.co/KIt4UzqIKH",0,Twitter Web App,
Sarah Brooks,1590072975646146561,"Fort Worth, TX",2023-01-16 23:03:52,@John__Mclain @DiedSuddenly_ A study just came out that you are 28x more likely to get myocarditis from vax than from covid,0,Twitter for Android,
T_xtunes,1588616296463306753,"Mansfield, TX",2023-01-16 22:57:01,COVID WAS EXPENSIVE OVERREACTING IN HIND SIGHT https://t.co/RFKsEpDxyx,0,Twitter for iPhone,
Ryan Neathery,1491140137153085442,"Burleson, TX",2023-01-16 22:55:31,@healthbyjames I‚Äôve already had Covid  but I‚Äôm never getting the damn vaccine,0,Twitter for iPhone,
Richard Lowry,1604233610541793281,"North Richland Hills, TX",2023-01-16 22:42:47,@goddeketal My immediate thought about COVID-19 was that it was created and disbursed by evil operatives in our own‚Ä¶ https://t.co/JplbvS1BaK,0,Twitter for iPhone,
Michelle Nelson,106699753,"Fort Worth, TX",2023-01-16 22:15:48,@DALupton Covid is not a cold..Covid is zoonotic sourced common cold is not zoonotic sourced.,0,Twitter for Android,
Kirk Brown,3319407199,"Arlington, TX",2023-01-16 21:50:10,@DVATW @jamieleecurtis It seems like the ones that got the jab are the ones that are getting COVID over and over.,0,Twitter for Android,
Michael Coley,36687747,"Mansfield, Texas",2023-01-16 21:16:08,"@MatthewDavidH I would add that the claim that ""COVID-19 vaccines are more dangerous than the virus"" is not just NO‚Ä¶ https://t.co/LVuEu5kzO8",0,Twitter Web App,
Elon Musk is a Hypocrite,1423422651280801795,"Irving, TX",2023-01-16 21:15:27,@alexandrosM @elonmusk @SamTwits @RepThomasMassie Data shows that unvaxxed COVID is multiples more risky than vaccines + COVID combined.,0,Twitter for Android,
Elon Musk is a Hypocrite,1423422651280801795,"Irving, TX",2023-01-16 21:14:46,"@elonmusk @SamTwits @alexandrosM Uh, the data clearly shows vaccines to be far less detrimental as a net risk than‚Ä¶ https://t.co/swgxrf5I5E",0,Twitter for Android,
Elon Musk is a Hypocrite,1423422651280801795,"Irving, TX",2023-01-16 21:12:25,"@disitinerant @JohnRWoodJr Data shows that COVID remains far more dangerous than the vaccines, despite your fantasy otherwise.",0,Twitter for Android,
LMoore,1376694969696722944,"Southlake, TX",2023-01-16 21:06:09,@ellymelly It is common sense. I completely believe that the vaccine was right for my elderly mother who has a few‚Ä¶ https://t.co/U9WvRL9e0T,0,Twitter Web App,
Gregory Trent Holkan,1930511,"Arlington, TX",2023-01-16 20:26:44,"@Freeyourmindkid From what I‚Äôve read (I‚Äôm not a doctor) our surge in heart attack, stroke and various cardiovascula‚Ä¶ https://t.co/6sBdX8bW6U",0,Twitter Web App,
Ben 4 Texas üá∫üá∏MAGA,1471280048728678401,"Fort Worth, TX",2023-01-16 20:14:20,"@EnviroBlazerD @RBReich But NOBODY hospitalized and dying from Covid, to include the unvaccinated, but pretty much‚Ä¶ https://t.co/gJfsPsVJub",0,Twitter for iPhone,
Jim Newman,1521153681416200193,"Ft worth,tx",2023-01-16 19:52:45,"@KariLake These abusers need to be arrested!! WTF is wrong with people! Parents, DO NOT give your children the COVID vaccine!!",0,Twitter for iPad,
Management Impact Solutions Consulting,4734524106,"Fort Worth, TX",2023-01-16 19:33:22,Covid-19 Drugmakers Pressured Twitter to Censor Activists Pushing for Generic Vaccine (Lee Fang/The Intercept)‚Ä¶ https://t.co/lOK7hZ4gmU,0,SocialDog for Twitter,
RESPIRATORY CARE,47395645,"Irving, TX, USA",2023-01-16 19:30:30,"Laorden and coworkers retrospectively reviewed data for 1,306 subjects receiving NRS for COVID-19 in an intermediat‚Ä¶ https://t.co/8SKjRWRyTl",2,Twitter Web App,
Ben 4 Texas üá∫üá∏MAGA,1471280048728678401,"Fort Worth, TX",2023-01-16 19:10:46,@EnviroBlazerD @RBReich Nope. Kids don‚Äôt really get Covid. All of my patients have been vaccinated. I haven‚Äôt seen‚Ä¶ https://t.co/hN4Qrw2AS9,0,Twitter for iPhone,
JJ&AJNTX,1595665568916447234,"Mansfield, TX",2023-01-16 18:48:09,@GypsyRox1 @MarinaSilver6 I‚Äôm curious if cases have increased due to either Covid OR the vax.    Aren‚Äôt you?,0,Twitter for iPhone,
Sohaib‚öúÔ∏è,1223620147816095744,Hashemite Kingdom of Jordan,2023-01-16 18:32:21,Pre Covid vs Now https://t.co/qlp741oo9Y https://t.co/TqisR29r0r,0,Twitter for iPhone,
Red Blizzard 357,3054034882,"Arlington, TX",2023-01-16 18:29:52,Patrick Bet-David: Why he didn‚Äôt take the vaccine #covid #vaccine https://t.co/Qo0BFiDrii via @YouTube,0,Twitter for iPhone,
Melanie Alexander maga republican,1362186522062110720,"Burleson, TX",2023-01-16 18:27:54,The Aftermaths of the COVID Public Health Emergency https://t.co/W2ablQByug,1,Twitter for iPhone,
Somebody fine mama,2902370023,"Fort Worth, TX",2023-01-16 18:17:35,I miss my family. I miss hugging my sweet baby and my husband. I just want to be done with Covid.,0,Twitter for iPhone,
A Throne of Souls,751482387171651584,"Roanoke, TX",2023-01-16 18:13:15,Read this twice because it sure sounds like regret to me. Perhaps they need to re-read the definition of regret. Fo‚Ä¶ https://t.co/fXOxADL12u,0,Twitter for iPhone,
Texas Oncologist,740759420397817856,"Fort Worth, TX",2023-01-16 17:43:34,@INArteCarloDoss I was part of a closed Facebook physician group where a large variety of academic articles about C‚Ä¶ https://t.co/Lpr7Vt2sMB,0,Twitter Web App,
BABY ICEY,1524394823293321217,"Dallas, TX",2023-01-16 17:19:50,bro when covid started i deadass thought it was gonna shake out like the last of us,0,Twitter for iPhone,
Courtney ‚ú®,1264599739808411648,"Fort Worth, TX",2023-01-16 16:53:57,"@LaurelS52 @Quirky_Quark @Sinfulskin2 But you can still get covid if you are vaccinated, and you can still spread i‚Ä¶ https://t.co/GoytX3hvD7",0,Twitter for iPhone,
Dad Life with V,1473401052896632838,"Arlington, TX",2023-01-16 16:49:51,@GOP I haven't seen any crisis since Covid but I guess you're talking about our failed humanitarian problems at the border,0,Twitter Web App,
Cheryl Sharp,41602584,"Hurst, TX",2023-01-16 16:38:00,@healthbyjames False! I was fully vaccinated and got super sick with COVID‚Ä¶,0,Twitter for iPhone,
MacKenzie,1525483058710908930,"Grapevine, TX",2023-01-16 16:03:19,"China OFFICIALLY reports 60000 Covid deaths since December.

Multiply that by 10.",0,Twitter for Android,
"Dave Seaton, CCXP",1218233944954613760,"Grapevine, Texas",2023-01-16 16:01:39,The Wrong Way to Write a Customer Apology Letter: Blame COVID https://t.co/zDGRw7v6zD,0,SmarterQueue,
‚òòÔ∏èLe Imroc üêòü¶¨üêª,1456113838064078848,"Fort Worth, TX",2023-01-16 15:59:35,@okieirish I was forced by my employer about 15 months ago. Pretty sure I had covid about 2.5 months later. Didn‚Äôt‚Ä¶ https://t.co/qXFd7YnMWS,0,Twitter for iPhone,
True Conservative ‚úùÔ∏è,164573046,"Fort Worth, TX",2023-01-16 15:13:31,@nadhimzahawi Please explain why someone I know personally has had Covid 4 times since being fully vaxxed. One of h‚Ä¶ https://t.co/d6jFpmLvs6,0,Twitter for iPhone,
Ronnie James Dios Mio,369797546,"Fort Worth, TX",2023-01-16 15:10:48,"@GoodPoliticGuy Like this kid. Way before COVID:
https://t.co/SG7emvBif8",0,Twitter for Android,
Matthew Bruening,610382849,"Watauga, TX",2023-01-16 14:30:57,@CFFPumas I believe they extended the deadline to allow players to comeback bc of everything with Covid.,0,Twitter for iPhone,
JB,1266753640477401090,"Fort Worth, TX",2023-01-16 14:29:00,The media trashed governors who took a more hands-off approach to COVID. But the data now show that left-leaning st‚Ä¶ https://t.co/MdFhfaPvGR,0,Twitter Web App,
IAmAprilPhillips.com #Author #Nurse #Practitioner,1931671837,"Arlington, Texas",2023-01-16 14:09:05,"April Phillips is an Adult-Gerontology #PrimaryCare #Nurse #Practitioner, and Transformational #Life #Consultant:‚Ä¶ https://t.co/pQqt3QQMn1",0,dlvr.it,
Ben 4 Texas üá∫üá∏MAGA,1471280048728678401,"Fort Worth, TX",2023-01-16 14:08:31,"@RBReich The vaccine is a scam. The Covid emergency in hospitals has been over since August 2021. Yes, 1 1/2 years‚Ä¶ https://t.co/3xGzXqicBf",1,Twitter for iPhone,
mary briggs,1593802842367823873,"Fort Worth, TX",2023-01-16 13:19:46,@ClareCraigPath @DrAseemMalhotra There is still the blessed Covid money to spend,0,Twitter for iPhone,
Melanie Alexander maga republican,1362186522062110720,"Burleson, TX",2023-01-16 13:08:12,Japan's Experts Baffled By High 'COVID Deaths' Despite High Vaccination Rate | ZeroHedge https://t.co/LdjIlsdkTN,0,Twitter for iPhone,
Naveen Sankar,951498876170760193,Dallas/Fort Worth,2023-01-16 11:00:01,"COVID Virus can replicate across all human organs, including the brain, according to autopsy studies.‚Ä¶ https://t.co/vE45W0tQb1",2,Twitter Web App,
Marilyn,935757026529038336,"Arlington, TX",2023-01-16 09:54:49,"@kangaroos991 He did do something, conn his followers out a large amount money,  increased the national debt. Cut t‚Ä¶ https://t.co/4CCqr6Xjp3",0,Twitter for iPhone,
Leonard Asbury,1594531572790738950,"Fort Worth, TX",2023-01-16 09:33:54,@RealDJTrumpNews I have never had a COVID vaccine. I even rejected it while I was hospitalized for COVID. My wife g‚Ä¶ https://t.co/RnEAiJqxny,0,Twitter Web App,
Brandoü©∏,1557211923313311744,DFW,2023-01-16 08:28:53,"Be fr 60,000 people dying from Covid in china really only like 1 out of like 25000 people if the math is right lmao",0,Twitter for iPhone,
PamNTexas. üíâüíâüíâüíâüíïüëÄ,1386078993384820737,"NunYa,Tx",2023-01-16 08:00:48,@LittledogsBite @bidensbabe Egg expense is caused by Avien Flu and will come back down. The inflation you whine abo‚Ä¶ https://t.co/jhVuL0BbmR,0,Twitter for Android,
Kristy,1463782929448849408,"Fort Worth, TX",2023-01-16 07:45:18,@infinitelineso1 @DiamondandSilk Why are you assuming that she died from covid?,0,Twitter for iPhone,
Jeff Childers üá∫üá≤‚ù§Ô∏èüá∫üá¶üåª,82370985,"Hurst, TX",2023-01-16 06:59:25,"@GusFlory @RisetteMD ""I know that your most vulnerable time for catching COVID is shortly after your first shot.""‚Ä¶ https://t.co/DORZpK7w22",0,Twitter for Android,
Prieta48,1530343027075690496,"Fort Worth, TX",2023-01-16 06:40:38,"@AntonioSabatoJr My parents are in their 70‚Äôs, never had COVID or been vaccinated. Neither has my family and we fee‚Ä¶ https://t.co/4qXL1PYmMe",0,Twitter for iPhone,
Ellen W,481695563,"Irving, TX",2023-01-16 05:53:43,@Sinfulskin2 Hell yeah. I had minimal reactions to the shots (Moderna) and have yet to get COVID despite a half doz‚Ä¶ https://t.co/U5vyC1Oftu,0,Twitter for iPhone,
N3ATkultur3,1092448181386915841,"Arlington, TX",2023-01-16 05:38:28,"@UnicornHelen Prefer crowds, prefer covid end of story. Jk",0,Twitter for Android,
Dred Scott,1204084086689718274,"Colleyville, TX",2023-01-16 05:26:50,@kinley_brenda I forgot trump caused covid,0,Twitter for iPhone,
pattyinfw,4002528663,"Fort Worth, TX",2023-01-16 04:36:42,Pence was head of the Covid task force.  I still think he was also the WH leaker. https://t.co/YfRnAAlIHa,0,Twitter for iPhone,
Management Impact Solutions Consulting,4734524106,"Fort Worth, TX",2023-01-16 04:32:26,"'We're all vulnerable': One in 10 people will end up with long COVID, new study says (Ashleigh McMillan/Sydney Morn‚Ä¶ https://t.co/11ag84XQxY",0,SocialDog for Twitter,
Management Impact Solutions Consulting,4734524106,"Fort Worth, TX",2023-01-16 04:32:23,'People aren't taking this seriously': experts say US Covid surge is big risk (Melody Schreiber/The Guardian)‚Ä¶ https://t.co/TJDx1fZm8T,0,SocialDog for Twitter,
Hunter Campbell,815776304268242944,"Arlington, TX",2023-01-16 04:22:44,@RGIII @Sam_Hubbard_ @Bengals Should have got a covid vaccine smh,0,Twitter for iPhone,
Fort Worth Star-Telegram,15615783,"Fort Worth, Texas",2023-01-16 04:00:42,"Covid, M-Pox, RSV, and other illnesses could not keep the Las Vegas Strip Resort Casinos down, but a new developmen‚Ä¶ https://t.co/beQpFeLLKy",1,True Anthem,
flip flops n cigarettes,1610849749636194305,"Fort Worth, TX",2023-01-16 03:49:37,@ElectionLegal Now I want to get covid too.,0,Twitter Web App,
peter bayless,428361716,"Arlington, Tx",2023-01-16 03:25:57,@healthbyjames Minus the dying part. And the being able to catch Covid again part.,0,Twitter for iPhone,
Truthmatters,1276458409,"Fort Worth, TX",2023-01-16 03:08:47,@_LoveLike_JESUS @StephenGolman God allowed millions to die from COVID. God allows women an children to be raped an‚Ä¶ https://t.co/O4uX93SdwC,0,Twitter for iPhone,
Poolboy P1,3312955562,"Arlington, TX",2023-01-16 02:51:45,@kombuchabreath @wokrad1 @Chesschick01 95% of CoVid deaths are the fully vaccinated?  Source?  What about the milli‚Ä¶ https://t.co/ZSr4yEdnBj,0,Twitter for iPhone,
Kim Hill,1486877573804138501,"Hurst, TX",2023-01-16 02:25:12,@Sinfulskin2 Didn‚Äôt. Wouldn‚Äôt. Had Covid twice‚Ä¶,0,Twitter for iPhone,
jenny beauchamp,24604191,"Fort Worth, TX",2023-01-16 02:12:15,@George28479263 @mckeag_alex @Beryjohn @Mrmasstiff @PapiTrumpo You wanna talk about attack and terrorize?!? Let‚Äôs d‚Ä¶ https://t.co/HB2xTDXzG9,0,Twitter for iPhone,
Tuukka,1299486906,"Fort Worth, TX",2023-01-16 01:53:21,@RBReich They‚Äôve never had a commercially available product until COVID and now the CEO is worth 6 billion.,0,Twitter for iPhone,
Adrian V. ‚ÄúAvi‚Äù Barbour,1586119649388797952,"Fort Worth, Texas",2023-01-16 01:50:04,"@10DowningStreet Post pandemic, noncritical COVID cases are to be treated as typical flu patients. Public should ca‚Ä¶ https://t.co/ICwZo7gVK8",0,Twitter Web App,
Adrian V. ‚ÄúAvi‚Äù Barbour,1586119649388797952,"Fort Worth, Texas",2023-01-16 01:43:43,@10DowningStreet PRIORITY TASKING-Discharge non-terminal COVID patients occupying beds in NHS facilities to social‚Ä¶ https://t.co/NLsfs94RCO,0,Twitter Web App,
SmokeSignalsBBQ,3010270609,"Fort Worth, Texas",2023-01-16 01:41:39,@healthbyjames üö®BREAKING - Pfizer has no recollection of manufacturing any COVID related treatments.,0,Twitter for iPhone,
@citizenkane63,1600606139317719040,"North Richland Hills, TX",2023-01-16 00:31:34,"""Golden Globes COVID Spread Continues With Jamie Lee Curtis, Colin Farrell, And Brendan Gleeson"" here:‚Ä¶ https://t.co/b4GAgPI6pV",0,Twitter for Android,
@citizenkane63,1600606139317719040,"North Richland Hills, TX",2023-01-16 00:27:57,"If the covid virus doesn't cause myocarditis, why does the vaccine cause it? https://t.co/lj4t6ZmksQ",1,Twitter for Android,
Darrell Dunn,184114436,"Fort Worth, TX",2023-01-16 00:23:41,"@KameronLoe @bone00afide Smarter than these geniuses, Kam?

https://t.co/0ca5whbNFC",0,Twitter for Android,
OkeyMor Taking a stand for justice with receipts,15720875,"Fort Worth, TX",2023-01-15 23:21:16,"@BuzzPatterson Just so you know James, 69.1% of the world population has received at least one dose of a COVID-19 v‚Ä¶ https://t.co/PEYsnmWVHK",0,Twitter for iPad,
xPANDOCLANx,605916806,"Arlington, TX",2023-01-15 22:44:50,Check out BACK AT IT WITH CHILLL SundayS !!!!  RECOVERY FROM COVID LOL https://t.co/hugFFPds3g,0,Twitter for iPhone,
you,1278880472811155456,"Coppell, TX",2023-01-15 22:33:23,@KayeSteinsapir Oh nooo!being fully vaccinated will definitely be help!We were able to stay Covid free up until the‚Ä¶ https://t.co/U1qyFazI5a,0,Twitter for iPhone,
V3T-TALK,1543256203177893893,"Fort Worth, TX",2023-01-15 22:32:18,@6OnTheWay He was out for 3 with injuries plus COVID year,0,Twitter for iPhone,
Luis Leal,4443159275,"Grapevine, TX",2023-01-15 22:15:06,Pre covid vs now :) https://t.co/wz6JSsL1sz,0,Twitter for Android,
kyle big ass head,846332203,"Fort Worth, TX",2023-01-15 22:12:32,"@soxfanforevah @Ut_Credamus @silentkil_er Well, the VA hospital at least in my city is extremely underfunded, so th‚Ä¶ https://t.co/vlHLAu7GCe",0,Twitter for iPhone,
Rocky,855179839107719168,"Irving, TX",2023-01-15 22:11:30,@FemmeCoastal @POTUS Trump inherited an economy that was barely moving and due to tax cuts for ALL Americans and co‚Ä¶ https://t.co/Gneuv62our,0,Twitter Web App,
OkeyMor Taking a stand for justice with receipts,15720875,"Fort Worth, TX",2023-01-15 22:04:25,"@JamesBradleyCA Just so you know James, 69.1% of the world population has received at least one dose of a COVID-19‚Ä¶ https://t.co/ayZPmuMtza",0,Twitter for iPad,
Elon Musk is a Hypocrite,1423422651280801795,"Irving, TX",2023-01-15 22:01:52,"@RepMTG Is there a LARGER correlation between fetal demise and unvaccinated COVID?

That's the question necessary here.",0,Twitter for Android,
KERA News,529663026,Dallas/Fort Worth,2023-01-15 22:00:55,Tarrant County Judge Tim O‚ÄôHare said we‚Äôve moved ‚Äúinto a new normal‚Äù while acknowledging COVID-19 is still in the c‚Ä¶ https://t.co/v3mvLi13tx,0,Hootsuite Inc.,
Josh S,1039088470600437761,"Fort Worth, TX",2023-01-15 21:39:39,@RoCa74394915 @godlywomanhood Besides the fact the covid vaccine does NOT shed.,0,Twitter for Android,
Rocky,855179839107719168,"Irving, TX",2023-01-15 21:38:22,"@FemmeCoastal @POTUS Yes I did. In spite of the ""mean tweets"", he had us on a strong economic footing, energy indep‚Ä¶ https://t.co/37X7R6Torx",0,Twitter Web App,
Melanie Alexander maga republican,1362186522062110720,"Burleson, TX",2023-01-15 21:18:04,U.S. says Pfizer's bivalent COVID shot may be linked to stroke in older adults https://t.co/eXhdbRFbU4,0,Twitter for iPhone,
Tex Spiccoli üêÄ,1198097162858614784,"Fort Worth, TX",2023-01-15 21:16:26,"@catturd2 if you take medical advice from someone named @catturd2 , and you get covid and die it‚Äôs probably your own fault",0,Twitter for iPhone,
Andy Leslie,1433643456174432257,"Fort Worth, TX",2023-01-15 21:01:11,@DrSyedHaider I didn‚Äôt do nicotine gum when I had Covid but I did buy a pack of organic cigarettes because I read t‚Ä¶ https://t.co/yo0yGqldTM,2,Twitter for iPhone,
Darrell Dunn,184114436,"Fort Worth, TX",2023-01-15 20:46:27,"@Aetreiythe @KameronLoe @bone00afide Smarter than these guys.

https://t.co/0ca5whbNFC",0,Twitter for Android,
Mykal McGrew,1945639322,"North Richland Hills, TX",2023-01-15 20:28:10,The only thing truck drivers hate more than Biden and the Covid vaccine is using their signal lights üôÉ,0,Twitter for iPhone,
Featheryüé®,1518758122885730306,"Fort Worth, TX",2023-01-15 20:28:07,"@VincentCrypt46 I am unvaxxed, took care of 2 family members sick with covid, I didn't get a sniffle. I wish they h‚Ä¶ https://t.co/ZeMM38A4l4",0,Twitter for Android,
Dayton VO,1519856497974464519,"Fort Worth, TX",2023-01-15 19:37:54,"Happy to be Covid free, finally!
Gonna take today as a safety day, and get back to the grind tomorrow!",0,Twitter for Android,
Jetta,1595945581620625408,"Fort Worth, TX",2023-01-15 19:36:41,@RonFilipkowski ?? Money for what?!? This is so typical it‚Äôs unbelievable! Deny Covid‚Ä¶get Covid‚Ä¶die from Covid‚Ä¶then‚Ä¶ https://t.co/6UWotelzD4,0,Twitter for iPhone,
Mel Miller,1507369704754720774,"Crowley, Texas",2023-01-15 19:24:46,@Meta @facebook FACT: The covid vaccine does NOT prevent you from getting the virus.  The vaccine does NOT guarante‚Ä¶ https://t.co/OQGIRGmi9K,0,Twitter Web App,
Mark Johnson,51346633,,2023-01-15 19:15:03,The flight I‚Äôm about to board is weight restricted‚Ä¶ I can relate as I‚Äôm on a mission to loose the COVID 19. #WinTheDay,0,Twitter for iPhone,
Ryan Neathery,1491140137153085442,"Burleson, TX",2023-01-15 19:01:54,@healthbyjames That‚Äôs wrong no one should ever be forced to get the Covid vaccine  I don‚Äôt care who you are,0,Twitter for iPhone,
Trinity Metro,180934946,"Fort Worth, TX",2023-01-15 19:00:06,"The #TCPHVaxMobile will be located at Southside Community Center on Thursday, January 19, from 9 a.m. to 4 p.m. COV‚Ä¶ https://t.co/xooavDUTrC",2,Sked Social,
Jim Springerüåäüá∫üá¶üåª,873413503,"Fort Worth, TX",2023-01-15 18:24:54,"@emma__jenner1 Covid cases are rising in our county, so I have no problem with it.",0,Twitter for Android,
Malinois_Mila,1585811430867177474,"Fort Worth, TX",2023-01-15 18:16:22,@KevinCo91855417 @LibbyLu3Cookie2 @ElieNYC Does the study show that if you die in a car accident and they test and‚Ä¶ https://t.co/MOzWxCAuBd,0,Twitter for iPhone,
Frick,435895781,"Fort Worth, TX",2023-01-15 18:09:49,Why are you designing 4th down plays for COVID Cole?!?,0,Twitter for iPhone,
Darrell Dunn,184114436,"Fort Worth, TX",2023-01-15 18:08:02,"@bone00afide Yeah, same here. 
And no Covid.",0,Twitter for Android,
Harpoon,151317177,"Fort Worth, TX",2023-01-15 18:05:05,@Treauge1 I'm in constructing and spent every day since the beginning of in public.  Covid that was dang near over‚Ä¶ https://t.co/FCijgGZCEu,0,Twitter for Android,
Dorothy Cannon,29904003,Fort  Worth Texas,2023-01-15 17:59:02,Therapeutic opportunities of edible antiviral plants for COVID-19 https://t.co/PprXRd0b0y,0,Twitter for iPhone,
B S,1602969472461152261,"Fort Worth, TX",2023-01-15 17:52:20,@healthbyjames I got vaccinated and got Covid 2 more times. BULLSH!!!!T LIE!!,0,Twitter for iPhone,
Truthmatters,1276458409,"Fort Worth, TX",2023-01-15 17:37:57,"@TimRunsHisMouth Let me get this straight, you don‚Äôt trust the doctors that say vaccination is safe, but you would‚Ä¶ https://t.co/8WcBXkQin3",2,Twitter for iPhone,
T.Y.,37499285,"Fort Worth, TX",2023-01-15 17:01:32,inside of you there are two wolves‚Ä¶ One of them has COVID.,1,Twitter for iPhone,
Kevin D. Freeman,443191049,"Irving, TX",2023-01-15 17:00:13,"The whole ‚Äúdied from‚Äù vs. ‚Äúdied with,‚Äù is a scandal. Can you imagine if they applied the same lax reporting to the‚Ä¶ https://t.co/xm2rJ5SlJZ",3,Twitter for iPhone,
Kevin D. Freeman,443191049,"Irving, TX",2023-01-15 16:59:55,"The whole ‚Äúdied from‚Äù vs. ‚Äúdied with,‚Äù is a scandal. Can you imagine if they applied the same lax reporting to the‚Ä¶ https://t.co/J6O2sejzvy",0,Twitter for iPhone,
SkyGoFly,4520063112,"Southlake, TX",2023-01-15 16:33:17,Qantas to Offer Double Frequent Flyer Points for Travel Credits from Covid Era https://t.co/EKW8F3MZvc #qantas https://t.co/6Mh0XjMq39,0,The Social Jukebox,
Diane,1126963218230935554,"Southlake, TX",2023-01-15 16:31:42,@ClownWorld_ @SebGorka Such BS. I know many people that have been vaccinated and boosted several times and still go‚Ä¶ https://t.co/ULG7S5I0Fk,0,Twitter for iPhone,
Courtney ‚ú®,1264599739808411648,"Fort Worth, TX",2023-01-15 16:20:46,"Since we‚Äôre taking gas stoves away because they‚Äôre dangerous, when do we switch off 5G and ban the covid jab?",0,Twitter for iPhone,
PamNTexas. üíâüíâüíâüíâüíïüëÄ,1386078993384820737,"NunYa,Tx",2023-01-15 16:20:16,@Tutora2020 @lindyli Nonsense? Like COVID?,0,Twitter for Android,
Dakota Rozycki,1465159276415094786,"Fort Worth, TX",2023-01-15 16:08:12,Is it flu or Covid this year? Just want to stay PC.,0,Twitter for iPhone,
bruja. üï∑Ô∏è,164160995,"Arlington, TX",2023-01-15 16:04:55,"but I got the flu , the Covid , a cold‚Ä¶. Fucking something .",0,Twitter for iPhone,
Tim Keenan,1610085671963590659,"Fort Worth, TX",2023-01-15 15:55:12,"@JReinerMD You can't trust any of the data, mostly because you guys in the medical ""profession"" lied about things f‚Ä¶ https://t.co/3W75HT129k",0,Twitter for Android,
Byron,1099186630915751936,"Fort Worth, TX",2023-01-15 15:48:33,"Well he aint lying the facts are everywhere.People saying its not rigged are same idiots who say cnn isnt fake,wear‚Ä¶ https://t.co/K0PQcV2Vvu",0,Twitter for Android,
Mindy the Sidhe ‚òïÔ∏èüå≤üç©ü•ßü¶â,755401956160516097,"Grapevine, TX",2023-01-15 15:46:13,@willhuhges Hate that you got it....folks keep calling COVID a flu....it's more like HIV in its effects to the body‚Ä¶ https://t.co/STjXOMYpfG,0,Twitter Web App,
Michael Luzecky,572149520,Fort Worth Texas,2023-01-15 15:21:57,I am sick to my stomach when it comes to the thought of people being forced to get the COVID vaccine. It‚Äôs THEIR PE‚Ä¶ https://t.co/9l6QYxniti,0,Twitter for iPhone,
Michael Luzecky,572149520,Fort Worth Texas,2023-01-15 15:18:15,"@healthbyjames She‚Äôs a LIAR! People have got COVID and some even DIED from it. I hate to say it, but it‚Äôs a fact!",0,Twitter for iPhone,
Michael Luzecky,572149520,Fort Worth Texas,2023-01-15 15:16:56,@healthbyjames The doctors don‚Äôt care about women‚Äôs rights! The Democrats claiming they care about women‚Äôs rights a‚Ä¶ https://t.co/IW2JWwMEMx,0,Twitter for iPhone,
remotecontrol,1457026407901564930,"Fort Worth, TX",2023-01-15 14:42:47,"That covid shot is killing people left and right now they took it 3,45 months ago!! Make sure you always tell your‚Ä¶ https://t.co/NcwgLWtLCt",0,Twitter for iPhone,
mary briggs,1593802842367823873,"Fort Worth, TX",2023-01-15 14:40:20,Pure blood Covid survivor https://t.co/Kowh1DRAS1,0,Twitter for iPad,
mary briggs,1593802842367823873,"Fort Worth, TX",2023-01-15 14:27:40,Pure blood Covid survivor https://t.co/bUujMQfEfv,0,Twitter for iPad,
LibGmüåàüåäüíôüåäüåàNo DMs.,1485058369664823296,"Fort Worth, TX",2023-01-15 14:17:37,@drsimonegold Everyone should have the right to choose how to die. As a nurse and believer in science I can attest‚Ä¶ https://t.co/OvAcnYe1Xh,2,Twitter for Android,
Jordan Dove,1585982560944984064,"Fort Worth, TX",2023-01-15 14:16:45,FDA Adviser: Young and Healthy People Shouldn‚Äôt Get Covid Boosters - https://t.co/cMKkjLW3rV,0,Twitter for Android,
Naomi Lambdin,199684366,"Haslet, TX",2023-01-15 14:13:41,@MattWallace888 Absolutely. Elon Musk has nothing financially to gain by his opinions on Covid. Mr Fauccci has prov‚Ä¶ https://t.co/1M26g9xrxj,0,Twitter for iPhone,
Ferris,39205785,"Fort Worth, TX",2023-01-15 13:51:46,@nobaconhere Does dealing with post covid fatigue count? Cuz that shit is still fucking me up,0,Twitter for Android,
Molly Day,787854957496139776,"Fort Worth, TX",2023-01-15 13:32:26,@realTT1776 I was recently expired to whatever they‚Äôre trying to kill us with. I patiently waited and through praye‚Ä¶ https://t.co/qttNK9Bmoh,3,Twitter for iPhone,
Melanie Alexander maga republican,1362186522062110720,"Burleson, TX",2023-01-15 13:01:54,Unvaccinated military members still facing repercussions despite rescinded COVID-19 mandate | Just The News https://t.co/6zlDS07km4,0,Twitter for iPhone,
ronald dygutowicz,71096368,"fort worth, tx",2023-01-15 12:47:16,Extensive review affirms safety of covid booster after signal of possible risk https://t.co/wxb0i3YbkY,0,Twitter Web App,
Rick Rockwelll‚òÄÔ∏èüá¶üá∑üá∫üáæüá≤üá∞,1585814969966370818,"Fort Worth, TX",2023-01-15 12:43:06,"@JeffPozin @RZ_3_ @stkirsch @eugenegu @DrLizaMD No I don't think so, up to September there were more deaths in Cana‚Ä¶ https://t.co/qSxdSddLUh",0,Twitter Web App,
Melanie Alexander maga republican,1362186522062110720,"Burleson, TX",2023-01-15 12:42:45,"Pentagon considers back pay for troops discharged over now-repealed COVID vaccine mandate

https://t.co/HfKgGrwdJA",0,Twitter for iPhone,
Melanie Alexander maga republican,1362186522062110720,"Burleson, TX",2023-01-15 12:41:36,"CDC identifies possible 'safety concern' for certain people receiving COVID vaccines

https://t.co/pvyr1pciQO",0,Twitter for iPhone,
Melanie Alexander maga republican,1362186522062110720,"Burleson, TX",2023-01-15 12:36:27,"Yosemite National Park reinstating indoor mask mandate amid 'high COVID-19 community level'

https://t.co/w2SMCixfhM",0,Twitter for iPhone,
Strachan Apostate,1273560146417987587,"Fort Worth, TX",2023-01-15 12:24:02,"You have several things working here. Older Americans tend to be Republicans. Covid became political, Russia spread‚Ä¶ https://t.co/foCuifCaSy",0,Twitter for Android,
Strachan Apostate,1273560146417987587,"Fort Worth, TX",2023-01-15 12:07:54,"@SmythRadio

I know you don't believe this and covid hit the over 65.(Republicans tend to be older) But it did happ‚Ä¶ https://t.co/V0z9BOOgEj",0,Twitter for Android,
Evie The Wawa,1518879644484882433,"Fort Worth, Texas",2023-01-15 10:56:57,Mom here: OMD I am tired of this COVID crap!  My newest symptom is an earache!  Just had to get that out of my syst‚Ä¶ https://t.co/OpDCfKNRyL,18,Twitter for iPhone,
Rachel,767204323725979648,"Arlington, TX",2023-01-15 10:01:46,woke up and my COVID booster shot has kicked in üòî,0,Twitter for iPhone,
Travis Manuel,1466845041532588035,"Fort Worth, TX",2023-01-15 08:53:42,Weird.. I got Covid and spread it to my parents who are even boosted.. you POS https://t.co/i0ttNIQPyo,0,Twitter for iPhone,
Donna Medlock,56517926,"Fort Worth, TX",2023-01-15 08:40:38,"I love you, JLC @jamieleecurtis, for all you do, how you do it, and the love you have for others. 
You are a‚≠êÔ∏è
https://t.co/RCIRbOWaMc",0,Twitter for Android,
Rajkamal Rao,59806380,"Bedford, TX",2023-01-15 07:27:52,@BenRothenberg This is the price we all pay when the slams become too politically charged and stray from their miss‚Ä¶ https://t.co/uaRmJklFfz,0,Twitter for iPhone,
Komla Morgan-Lawe,2470025833,"Euless, TX",2023-01-15 07:01:11,@KojoWusu12 @Cassielforson How has the Covid and the Russian war impacted us? And are you saying that you borrowed‚Ä¶ https://t.co/B8NgMWfkTT,0,Twitter for Android,
Melanie Alexander maga republican,1362186522062110720,"Burleson, TX",2023-01-15 06:24:11,@k7711_bones @silentkil_er I was told it‚Äôs because my town is growing so fast. It‚Äôs shortage of health personnel due to Covid vax mandates.,0,Twitter for iPhone,
Garrettrealestate,4744594873,"Grapevine, TX",2023-01-15 05:39:34,"@BagaiDr Yes it helps vs Covid, that‚Äôs not the worry, clearly",0,Twitter for iPhone,
Melanie Alexander maga republican,1362186522062110720,"Burleson, TX",2023-01-15 05:29:14,Doctor who's CNN and WaPo medical expert admits number of COVID deaths have been OVERCOUNTED | Daily Mail Online https://t.co/jOgwdXJ6J1,0,Twitter for iPhone,
Melanie Alexander maga republican,1362186522062110720,"Burleson, TX",2023-01-15 05:21:20,COVID-Narrative Dissenters File Lawsuit Against Legacy Media Over Coordinated Censorship | ZeroHedge https://t.co/q3zT78DCwj,0,Twitter for iPhone,
Melanie Alexander maga republican,1362186522062110720,"Burleson, TX",2023-01-15 05:20:58,"Doctor Calls For Withdrawal Of Pfizer, Moderna COVID-19 Vaccines Following New Research | ZeroHedge https://t.co/k4ITCiDh89",0,Twitter for iPhone,
Thomas Williams,1468261941915312130,"Fort Worth, TX",2023-01-15 05:16:10,"@healthbyjames When she dies are has a critical malfunction of her body that leads to death, you need to charge all‚Ä¶ https://t.co/GuMp6LSgKn",0,Twitter Web App,
Chris Ison üè¥‚Äç‚ò†Ô∏è,2843077345,"Mansfield, TX",2023-01-15 05:02:22,@healthbyjames Kids don‚Äôt need the covid shot. They are the lowest risk group. I‚Äôm 39 a s got 2 Pfizer doses and ha‚Ä¶ https://t.co/UYU9yGl52C,0,Twitter for iPhone,
FOX 4 NEWS,16656350,Dallas - Fort Worth,2023-01-15 05:00:30,Don V. Cisternino fled the U.S. for Switzerland in January 2021 and was arrested months later while trying to enter‚Ä¶ https://t.co/wTPGVQfEsH,0,True Anthem,
Torianna,3906608954,"Burleson, Texas",2023-01-15 04:51:08,@A_SeanRobinette @MattWallace888 @GregAbbott_TX This is hilarious. I have lived in TX a long time. Our property tax‚Ä¶ https://t.co/tRo0HDiQ9W,0,Twitter Web App,
Collin Bishop,26944090,"Arlington, TX ",2023-01-15 04:44:20,All of us running to the bathroom after our 3 1/2 hr Avatar screening. Lol but nah this was my first movie post Cov‚Ä¶ https://t.co/0qTthCXsVu,0,Twitter for iPhone,
Kill Kenny,1419170487746416640,"Fort Worth, TX",2023-01-15 04:42:14,@leon_skum1 @Voice_4Reason @hodgetwins And yet you and your community are Covid slaves‚Ä¶no thank you we‚Äôll keep our guns,0,Twitter for iPhone,
hayden,511438049,"Fort Worth, TX",2023-01-15 04:33:04,"In this time of uncertainty, with strep, flu and covid buzzing about, there is one thing we can all be sure of. DO‚Ä¶ https://t.co/YjlFf5xlP3",0,Twitter for iPhone,
Thomas ''Tomassian'' Young,1086080041287630848,"Arlington, TX",2023-01-15 03:29:45,Update: I'm covid free and doing much better. https://t.co/W4YRrCpn6U,0,Twitter for Android,
Sarah Brooks,1590072975646146561,"Fort Worth, TX",2023-01-15 03:14:54,"@njhochman Sweden definitely got the covid policy, correct .USA had a populist president,the deep state could not allow to get re-elected.",0,Twitter for Android,
txjeff53,1082830209982844929,"Arlington, TX",2023-01-15 03:08:05,"@TXforVaxChoice @GregAbbott_TX If the Covid emergency is over, end Title 42.",0,Twitter for iPhone,
Rick Rockwelll‚òÄÔ∏èüá¶üá∑üá∫üáæüá≤üá∞,1585814969966370818,"Fort Worth, TX",2023-01-15 03:05:12,"@RWMaloneMD If people make it out of this COVID nightmare, they absolutely must understand that neither government‚Ä¶ https://t.co/7G1F4dOzBF",0,Twitter Web App,
Edward Bui,1974393859,"Grand Prairie, TX",2023-01-15 03:04:35,@michelle_tan101 @SoCassandra @MichelleRuffvo1 I finally met the voice actress who voiced Fujiko Mine at an anime s‚Ä¶ https://t.co/ifLUqYBBsM,0,Twitter for Android,
Steven Veal,1597459473341317126,"Fort Worth, TX",2023-01-15 02:46:41,Covid-19 =2019 in the USA,1,Twitter for iPhone,
or,1488388435127803906,"Fort Worth, TX",2023-01-15 02:23:25,@uraclod @TimRunsHisMouth Masks don‚Äôt prevent the wearer from contracting Covid. Make it make sense!,0,Twitter for iPhone,
or,1488388435127803906,"Fort Worth, TX",2023-01-15 02:22:47,@bigtimeart @TimRunsHisMouth What? Masks don‚Äôt stop the wearer from getting Covid. Make it make sense.,0,Twitter for iPhone,
Freebirdmom,1586001102754963457,"Euless, TX",2023-01-15 02:15:46,"@jsolomonReports Ya think LOL
The government pays them a hefty check for everything covid related",0,Twitter for Android,
Pete Partain,871053518593044481,"Bedford, TX",2023-01-15 02:09:52,@healthbyjames I know people that have had every shot and boosters. Still have had Covid multiple times,0,Twitter for iPhone,
Paul Leavitt,126146389,"Fort Worth, TX",2023-01-15 01:54:44,@FattySingh @kateneuropsych @RachelBitecofer I appreciate you asking for stats! Unlike @kateneuropsych who just blo‚Ä¶ https://t.co/ITOCvUGsae,0,Twitter for iPhone,
Tim Simpson,375753129,arlington tx,2023-01-15 01:32:39,"@joncoopertweets Values?
Not killing babies? 
We were told to follow the science during Covid. Now we have multiple‚Ä¶ https://t.co/H1r2OueiIW",0,Twitter for Android,
or,1488388435127803906,"Fort Worth, TX",2023-01-15 01:14:44,@LaughingAtCults @ashman31522 @EmeraldRobinson It doesn‚Äôt directly correlate to Covid. Look it up and read for yourself.,0,Twitter for iPhone,
or,1488388435127803906,"Fort Worth, TX",2023-01-15 01:06:18,@Dunwood5289 @EmeraldRobinson Polio vax good. Covid vax bad. Not hard to wrap your mind around.,0,Twitter for iPhone,
or,1488388435127803906,"Fort Worth, TX",2023-01-15 00:47:12,@pldemler @ChayaRaichik10 You clearly don‚Äôt trust your Covid therapy.,0,Twitter for iPhone,
Steve Dean,1585970404073635841,"Southlake, Texas",2023-01-15 00:38:52,"@rycunni It is a counter-measure to a bio weapon.  Even if people disagree with this statement, what we know withou‚Ä¶ https://t.co/dhFfaluXCn",0,Twitter Web App,
Strachan Apostate,1273560146417987587,"Fort Worth, TX",2023-01-15 00:23:44,"We just eat it up. Share it in the evangelical church.

Russians Mount Campaign Against Vaccines, U.S. Says https://t.co/8LL2QOp8pv",0,Twitter for Android,
üíòMama SawSawüòä,3171443088,"Fort Worth, TX",2023-01-14 23:59:35,Curbside pick up is the best thing that happened during Covid,0,Twitter for iPhone,
OkeyMor Taking a stand for justice with receipts,15720875,"Fort Worth, TX",2023-01-14 23:58:48,"@DonaldJTrumpJr Do you people ever read?
https://t.co/XHYW79DoFt",0,Twitter for iPad,
Sean Gilbreath,409732480,"Keller, TX",2023-01-14 23:51:41,"@ClownWorld_ That‚Äôs true of real vaccines, not true of Covid vaccines and boosters !!!",0,Twitter for iPhone,
Tony,3050148894,"Fort Worth, TX",2023-01-14 23:44:03,Second day on covid and I‚Äôm Down 7 lbs :(,0,Twitter for iPhone,
Evie The Wawa,1518879644484882433,"Fort Worth, Texas",2023-01-14 23:35:41,"@PetuniaMaePug Tunie, don‚Äôt worry your pretty little doggie head.  I would never fink you were ignoring me. I have‚Ä¶ https://t.co/Nhn1nup87x",0,Twitter for iPhone,
Micah,2891989774,"Arlington, TX",2023-01-14 23:15:48,@DrSimonAshworth @AlastairMcA30 @docitsitchy @PierreKory So if a medical doctor wrote a paper that said there was n‚Ä¶ https://t.co/6VQXxJe8Ee,0,Twitter for iPhone,
kathy b,441281600,Fort Worth Texas,2023-01-14 23:00:15,"U.S. FDA, CDC see early signal of Pfizer bivalent COVID shot's link to stroke https://t.co/c0Xj7hcKVa",0,Twitter Web App,
True Conservative ‚úùÔ∏è,164573046,"Fort Worth, TX",2023-01-14 22:40:56,@SenRonJohnson @ImJohnOHurley Too many mistakenly assume that everything Covid was ‚Äúmishandled.‚Äù I believe ‚Äúthey‚Äù h‚Ä¶ https://t.co/F7PGrZzqRy,1,Twitter for iPhone,
Judy Fulbright,1564095507173105667,"Arlington, TX, USA",2023-01-14 22:30:23,@kj092259 @Becky19622022 @nathaliejacoby1 2/2: I've known-aware 5 ppl dying of COVID in 2020 &amp; 2021. One of my best‚Ä¶ https://t.co/Iz5wA1GiTe,0,Twitter Web App,
I have a cannon,59568884,"Aledo, Texas",2023-01-14 22:27:24,@HankHaney I only got 2 shots and regret it every time I think about it. My 25 year old son refused to get it. I‚Äôm‚Ä¶ https://t.co/BvIm6uUhMd,4,Twitter for iPhone,
mary briggs,1593802842367823873,"Fort Worth, TX",2023-01-14 22:21:27,@AmericansPTSD @catturd2 @GovKemp They just released bad news about Covid in Georgia. He‚Äôs running scared,0,Twitter for iPad,
Judy Fulbright,1564095507173105667,"Arlington, TX, USA",2023-01-14 22:10:44,@kj092259 @Becky19622022 @nathaliejacoby1 I'm aware that bc over majority ppl didn't vax timely 2021 there's s stil‚Ä¶ https://t.co/HlH2nnFnZx,0,Twitter Web App,
Bo French,33613443,"Fort Worth, Texas",2023-01-14 21:57:13,@TcuScouting Half my group got Covid and I got the flu.,0,Twitter for iPhone,
Melanie Alexander maga republican,1362186522062110720,"Burleson, TX",2023-01-14 21:41:57,"Growing COVID strain may be more likely to infect the vaccinated, those who've already had virus, NYC health offici‚Ä¶ https://t.co/YvP7kxLYpF",0,Twitter for iPhone,
Melanie Alexander maga republican,1362186522062110720,"Burleson, TX",2023-01-14 21:28:38,Dr. Leana Wen slammed after admitting there's been 'overcounting' of COVID deaths: ‚ÄòTWO AND A HALF YEARS LATE‚Äô | Fo‚Ä¶ https://t.co/gwQRJVwAVA,0,Twitter for iPhone,
Melanie Alexander maga republican,1362186522062110720,"Burleson, TX",2023-01-14 20:43:39,FDA Adviser Says Young And Healthy People Shouldn‚Äôt Get Latest COVID Boosters | ZeroHedge https://t.co/y6M8dbEpCb,0,Twitter for iPhone,
FOX 4 NEWS,16656350,Dallas - Fort Worth,2023-01-14 20:30:14,The deaths were reported after complaints that China was failing to release data from its latest COVID-19 emergency‚Ä¶ https://t.co/iGME9SQ7cs,2,True Anthem,
Mother Fucker Jones,319718469,"Dallas, TX",2023-01-14 20:27:49,@JoJoFromJerz Here‚Äôs 9 hours of Doctors explaining why the Covid vaccine is bullshit https://t.co/vsM8n4skQO,0,Twitter for iPhone,
Darrell Dunn,184114436,"Fort Worth, TX",2023-01-14 20:04:20,"@bo_handle @Bronzeclownshoe @CNN I'm fully boosted. No Covid. 
I posted actual stats.",0,Twitter for Android,
Paul Leavitt,126146389,"Fort Worth, TX",2023-01-14 19:19:13,"@Resist_05 What an absolute UNIT. Hate the game not the player. 
I wonder how many of the Covid cards for those at Davos are fake too...",0,Twitter for iPhone,
Darrell Dunn,184114436,"Fort Worth, TX",2023-01-14 19:18:58,"@bo_handle @Bronzeclownshoe @CNN Sure it's been proved.
Why push bullshit?

https://t.co/16u7ylkrqE",0,Twitter for Android,
Jen,24328734,Arlington,2023-01-14 19:03:53,"Took a covid test before heading to a party and as soon as it was negative my first thought was, dang, now I don't have an excuse not to go",0,Twitter Web App,
Aly Romero,17044684,"Southlake, TX",2023-01-14 18:52:01,@JennyErikson The guilt of missing a day here or there for a family vacation disappeared immediately after they kep‚Ä¶ https://t.co/n46KPpghyC,0,Twitter for iPhone,
RJM,468773245,"Grapevine, TX",2023-01-14 18:36:18,@lance_cotten You do realize those jobs added are from the jobs cut due to covid‚Ä¶‚Ä¶.,0,Twitter for iPhone,
Ella. That's all.,3219633794,"Roanoke, Texas",2023-01-14 18:14:30,"@Medical_Nemesis @ianmSC No, they counted covid infections / hospitalizations completely differently then previous‚Ä¶ https://t.co/LU5J20mF6c",0,Twitter Web App,
Management Impact Solutions Consulting,4734524106,"Fort Worth, TX",2023-01-14 17:31:27,"China sharply revises death toll linked to covid outbreak to 60,000 from 37 (Lily Kuo/Washington Post)‚Ä¶ https://t.co/yQsnjgGJsx",0,SocialDog for Twitter,
DiabloStorm,165865733,Sanctuary,2023-01-14 17:24:21,@POTUS I haven't spent a dime on gas since march 2020 thanks to this pandemic. Maybe do more about that and long co‚Ä¶ https://t.co/srUdJPKQLe,0,Twitter Web App,
jdh24,993682801,"Fort Worth, TX",2023-01-14 17:18:18,@DrAseemMalhotra @mike_rios27 Or it could be the 1st Variant of the Covid 19 epidemic. It weakened my heart functio‚Ä¶ https://t.co/a5jKb0ZXPS,0,Twitter for iPhone,
Melanie Alexander maga republican,1362186522062110720,"Burleson, TX",2023-01-14 16:54:44,Xi Jinping's Zero Covid disaster | Daily Mail Online https://t.co/W2TQASqVIU,1,Twitter for iPhone,
lasimmons3,1347681229416656896,"Fort Worth, TX",2023-01-14 16:51:06,Covid is not done people!!!! https://t.co/jEgQejzFqZ,0,Twitter for iPhone,
Josh S,1039088470600437761,"Fort Worth, TX",2023-01-14 16:47:57,"@stkirsch They didn't rule it out. They simply said there was no evidence. 

And in case you missed it, there actua‚Ä¶ https://t.co/h8OSK0nXoi",0,Twitter for Android,
LibGmüåàüåäüíôüåäüåàNo DMs.,1485058369664823296,"Fort Worth, TX",2023-01-14 16:14:21,@tedcruz Please name 5 things you did to build our infrastructure during your demi gods unfortunate time in office.‚Ä¶ https://t.co/ybcLQEA9la,0,Twitter for Android,
Evie The Wawa,1518879644484882433,"Fort Worth, Texas",2023-01-14 16:03:08,Still down with COVID. Had a little scare this morning when we thought mom‚Äôs oxygen level was low - but it was a gl‚Ä¶ https://t.co/Bzor9utKZe,3,Twitter for iPhone,
Jordan Dove,1585982560944984064,"Fort Worth, TX",2023-01-14 15:52:54,"Covid Vaccines Are ‚ÄúObviously Dangerous‚Äù and Should Be Halted Immediately, Say Senior Swedish Doctors https://t.co/yaW1xaHYf0",0,Twitter for Android,
LaylaTexas77üåπ,1543423972477468676,"Fort Worth, TX",2023-01-14 15:32:04,"Pfizer's bivalent COVID shot may be linked to stroke risk
‚ÄºÔ∏è‚ÄºÔ∏è‚ÄºÔ∏è‚ÄºÔ∏è‚ÄºÔ∏è‚ÄºÔ∏è‚ÄºÔ∏èüëøüíÄ https://t.co/Y3jny9H3um",0,Twitter for iPhone,
ygk,843583863423188992,"Fort Worth, TX",2023-01-14 15:17:39,Covid is not recommended,0,Twitter for iPhone,
CBooth2,953752214539067393,Fort Worth ,2023-01-14 15:09:38,@NycsonaPryanka I worse than getting COVID to own the libs‚Ä¶,0,Twitter for iPhone,
Christopher Kratovil,110217407,"Dallas, TX",2023-01-14 14:54:17,"The COVID state of emergency is officially over in Tarrant County (Fort Worth), Texas is officially and legally ove‚Ä¶ https://t.co/oxsKj79fwu",0,Twitter for iPhone,
jennifer Turner-Barton,583333663,"fort worth, texas",2023-01-14 14:51:49,Who has had long Covid symptoms? #LongCovid,0,Twitter for iPhone,
Bear Hendrix,1542978525224964100,"Eagle Mountain Lake, Tx",2023-01-14 14:41:10,@mnsnowta Not the party of 4000'page bills that gives billions to foreigners and gives Congress a few hours to read‚Ä¶ https://t.co/LsAQN2288l,0,Twitter for iPhone,
alexandria abby,1268923404851298305,"Fort Worth, TX",2023-01-14 14:30:28,"@healthbyjames CDC needs to be abolished. I remember months back, CDC gave permission to tenants that they don‚Äôt ha‚Ä¶ https://t.co/bSIzd36TFF",0,Twitter for iPhone,
Ryan Frederick,38466984,"Fort Worth, TX",2023-01-14 14:21:08,It‚Äôs been about three years and I‚Äôm definitely convinced that Covid made the world dumber.,0,Twitter for iPhone,
jb hamilton,950428398,"ft worth, texas",2023-01-14 14:20:43,@EmeraldRobinson @FoxNews The UK and US have seen a serious spike in excess deaths this past year. Both countries i‚Ä¶ https://t.co/jPhWl2rE7h,0,Twitter Web App,
jb hamilton,950428398,"ft worth, texas",2023-01-14 14:18:46,The UK and US have seen a serious spike in excess deaths this past year. Both countries implemented vaccine mandate‚Ä¶ https://t.co/bv7F4PSDzc,0,Twitter Web App,
alexandria abby,1268923404851298305,"Fort Worth, TX",2023-01-14 14:18:14,Fox News &amp; Newsmax Took Biden Money To Push Deadly COVID Vaccines To Its Viewers https://t.co/xVXSkjTID3,1,Twitter for iPhone,
P.D.B.,1003023938451050498,"Chicago Heights, IL",2023-01-14 14:18:00,"Problems on problems y'all.

https://t.co/Qcfz55az65",0,Buffer,
Jamayo,1126180724535644160,"Fort Worth, TX",2023-01-14 14:00:32,Former Pharma Exec Says COVID-19 Shots Are U.S. Government Biowarfare Operation Against Own Population https://t.co/oaZ11vELGh,0,Twitter for iPhone,
Melanie Alexander maga republican,1362186522062110720,"Burleson, TX",2023-01-14 12:41:12,CDC identifies potential side effects in Pfizer COVID-19 vaccine | Just The News https://t.co/3MyxBYb718,0,Twitter for iPhone,
Lesa Pamplin,17135257,"Fort Worth, Texas",2023-01-14 12:01:20,Of course he did:  Tarrant County judge rescinds COVID-19 disaster declaration | Fort Worth Star-Telegram https://t.co/w2QwZScWhR,0,Twitter for iPhone,
PaulF,1608568395485646849,"Fort Worth, TX",2023-01-14 11:43:53,"@Adorable_Todd I never took the Vax, I had Covid once 18 months ago &amp; am perfectly healthy so that question is best‚Ä¶ https://t.co/8rNOwWvWyR",0,Twitter for iPhone,
para bellum,1467692083,"Fort Worth, TX",2023-01-14 11:04:52,@DC_Draino We have investigated the Covid shots and don‚Äôt worry about themü§° https://t.co/7lbZRw85bS,0,Twitter for iPhone,
Lee Spieckerman,22412777,Dallas/Fort Worth,2023-01-14 10:47:49,"Pfizer slashed price of Paxlovid, but China wouldn't take it: industry insider https://t.co/iSrnqC5kJb",0,Twitter for iPhone,
Danny Walls,955435063398879232,"Fort Worth, TX",2023-01-14 09:47:08,"The COVID fakecine is, without a doubt worse than COVID itself",0,Twitter for Android,
OkeyMor Taking a stand for justice with receipts,15720875,"Fort Worth, TX",2023-01-14 09:35:51,"@drsimonegold I suggest you read the CDC findings at the source not from the characterization of Fox News. 

CDC sa‚Ä¶ https://t.co/ydRVPFpZbS",0,Twitter for iPad,
Danny Walls,955435063398879232,"Fort Worth, TX",2023-01-14 09:24:54,"@Treauge1 For me it was the extreme insistence from the Dems that we HAD to get it.
But I also saw that covid was n‚Ä¶ https://t.co/ieaT9onDf0",0,Twitter for Android,
Naveen Sankar,951498876170760193,Dallas/Fort Worth,2023-01-14 09:11:00,CDC flags #COVID-19 Vaccine bivalent vaccine for additional screening based on a  safety signal for persons aged 65‚Ä¶ https://t.co/fpfiFjLYnn,0,Twitter Web App,
Yellow Rose,1290899069594931201,"Arlington, TX",2023-01-14 08:07:59,@AZ_Brittney Fully Vaccinated and COVID Free!,0,Twitter for iPhone,
Siobhan Wolfmoon,18364867,"Burleson, TX",2023-01-14 08:04:08,"@Saralily24 Me, I get sick with the flu or common cold but I have not once tested positive for Covid and I got the J&amp;J jab.",0,Twitter for iPhone,
Unapologetically Opinionated,1551310210232459265,"Fort Worth, TX",2023-01-14 07:47:36,@Treauge1 i didn't ever feel like I needed it. I don't hang around old people and my family wasn't badly affected o‚Ä¶ https://t.co/ULHTcO60Vw,0,Twitter for Android,
caflokid,1410955980,Hurst,2023-01-14 07:05:45,@CTVNews Major Security issues - These government workers have access to Canadian citizens sensitive information -‚Ä¶ https://t.co/qkcL5imExW,0,Twitter Web App,
Xactamundo,1081063266254798848,"Southlake, TX",2023-01-14 05:40:40,@PeterSweden7 When this Covid mess was first announced I told my wife ‚Äúsomething stinks about this whole thing‚Äù. An‚Ä¶ https://t.co/6ruiN35cuE,0,Twitter for iPad,
Jim Howard,5142221,Fort Worth TX USA,2023-01-14 05:38:59,Office Visit with my heart doctor today.  Some info on COVID-19. https://t.co/QxH4Fmkm8j via @YouTube,0,Twitter Web App,
Dayton VO,1519856497974464519,"Fort Worth, TX",2023-01-14 05:31:34,"@AlisterCado @jormunglenndr Not great, been sick with Covid for two weeks now.
On the upswing, but man have I lost a lot of time on this...",0,Twitter Web App,
FOX 4 NEWS,16656350,Dallas - Fort Worth,2023-01-14 05:30:28,"The Centers for Disease Control says that a preliminary COVID-19 vaccine ""safety signal"" has been identified and is‚Ä¶ https://t.co/pkEiJ5wH7D",7,True Anthem,
Dayton VO,1519856497974464519,"Fort Worth, TX",2023-01-14 05:30:22,"@lilydavis @BigBenVa1 Seconding the covid answer.
Hope you also recover soon and get a chance to relax. üòî",0,Twitter Web App,
J.T. Joseph is querying,928283329434025986,"Richland Hills, TX",2023-01-14 05:14:07,"@dcep32797 @NFL I agree, but I think Washington won the NFC east in 2020 during covid.",0,Twitter Web App,
@DrCatBob,3113566902,"Southlake, TX",2023-01-14 05:06:27,@WhiteHouse Post Covid math only demo‚Äôs can make up,0,Twitter for iPhone,
Scott,892523529790517252,"Mansfield, TX",2023-01-14 04:38:50,@c108_c @pastorlocke @charliekirk11 Lots of other MSM being forced by the CLEAR STATS to start reporting the CV19 v‚Ä¶ https://t.co/OFCmeTIL50,0,Twitter for iPhone,
Scott,892523529790517252,"Mansfield, TX",2023-01-14 04:34:29,"@c108_c @pastorlocke @charliekirk11 Here‚Äôs NBC NY reporting in the obvious link between the CV jab &amp; heart damage‚Äî

https://t.co/VKRwFBJgDS",0,Twitter for iPhone,
Somebody fine mama,2902370023,"Fort Worth, TX",2023-01-14 04:30:55,I hate having Covid. I miss my husband and my sweet baby üò≠,0,Twitter for iPhone,
John,1459032044,"Fort Worth, TX",2023-01-14 04:22:44,@Emotispawn @catturd2 You truly have been lied to.  Why are 80% of the Covid deaths vaccinated?,0,Twitter for iPhone,
John,1459032044,"Fort Worth, TX",2023-01-14 04:16:28,"@advocacyrss @catturd2 The Covid vax was not approved. Can‚Äôt approve a vaccine in 9 months, so they released it for‚Ä¶ https://t.co/3bfmE7ldm5",0,Twitter for iPhone,
John,1459032044,"Fort Worth, TX",2023-01-14 04:14:00,"@Soma @catturd2 Covid vaccine is the only vaccine approved for experimental emergency. All the other ones, includin‚Ä¶ https://t.co/IU4Dij6k5X",0,Twitter for iPhone,
Brandon,50560101,"Fort Worth, TX",2023-01-14 03:42:48,@9to5mac @ChanceHMiller But he DEFINITELY wants us to know that the next pandemic is going to be worse than COVID-19. üòâ,0,Twitter for iPhone,
Caleb Ward,1494810791077462019,"Fort Worth, TX",2023-01-14 03:35:07,@realYatzoSpatzo @BadHippa @badtakesbad @Ian60792100 @P_McCulloughMD @NFL Had you ever heard of myocarditis before Covid?,0,Twitter for iPhone,
Chris Clothier,771397667817521152,"Fort Worth, TX",2023-01-14 03:26:07,"@ZaRdOz420WPN @nathaliejacoby1 @CDCgov What is COVID?
srsly??? where did they get their data?",0,Twitter Web App,
Rick Rockwelll‚òÄÔ∏èüá¶üá∑üá∫üáæüá≤üá∞,1585814969966370818,"Fort Worth, TX",2023-01-14 03:17:17,@ichudov He's trying to hypnotize himself; I think COVID broke him. Many such cases... in some places they call him Clott Adams,1,Twitter Web App,
A Throne of Souls,751482387171651584,"Roanoke, TX",2023-01-14 03:10:17,All Covid-19 emergency powers in Fort Worth have finally been rescinded by Tarrant County judge orders. After three‚Ä¶ https://t.co/nPNPzHDFb0,0,Twitter for iPhone,
Scott,892523529790517252,"Mansfield, TX",2023-01-14 02:47:56,"@DevilWearsMAGA @pastorlocke @charliekirk11 The TODAY show‚Äî

https://t.co/uCmnEW8VMl",0,Twitter for iPhone,
Scott,892523529790517252,"Mansfield, TX",2023-01-14 02:47:05,@DevilWearsMAGA @pastorlocke @charliekirk11 The ‚Äúcoincidence‚Äù narrative WILL get thinner &amp; thinner IMO. Here‚Äôs NBC‚Ä¶ https://t.co/kvSN8bKU6J,0,Twitter for iPhone,
PamNTexas. üíâüíâüíâüíâüíïüëÄ,1386078993384820737,"NunYa,Tx",2023-01-14 02:43:45,"@nathaliejacoby1 NO, COVID is not over.",1,Twitter for Android,
Sgt_Ski,1587276829508894721,"Fort Worth, TX",2023-01-14 02:31:01,@GoSpursGo2023 @JoJoFromJerz How are we not dying when we catch covid since we are not vaccinated?,0,Twitter for iPhone,
Jordan Dove,1585982560944984064,"Fort Worth, TX",2023-01-14 02:04:01,Young priest develops HEART ISSUES after getting injected with COVID vaccine https://t.co/F6kz3IAGDl,0,Twitter for Android,
Naveen Sankar,951498876170760193,Dallas/Fort Worth,2023-01-14 02:02:30,University of Florida study provides evidence that the breast milk of people vaccinated against #COVID-19 protects‚Ä¶ https://t.co/CvFwvmdthx,2,Twitter Web App,
lostcause,977030624547672064,"Grand Prairie, TX",2023-01-14 01:56:05,@MarkJacob16 She did all that. Because she said that Covid-19 was a hoax. Wow!!,0,Twitter for iPhone,
Robin,24423196,"Arlington, TX",2023-01-14 01:55:56,Both Rogan and Tom Brady go on about the COVID vaccine being unsafe but have no problems taking hallucinogens. üôÑWAT‚Ä¶ https://t.co/e5orgVHbw6,0,Twitter for iPhone,
OkeyMor Taking a stand for justice with receipts,15720875,"Fort Worth, TX",2023-01-14 01:35:11,@DC_Draino @mtgreenee Maybe one of Marjorie Taylor Greene's Aides saw the CDC monitoring flag and she decides to do‚Ä¶ https://t.co/pJM1033E8h,2,Twitter for iPad,
Jordan Dove,1585982560944984064,"Fort Worth, TX",2023-01-14 01:14:55,"THANKS TO DR. MALONE, many of us know all about the Trusted News Initiative.
üëá
https://t.co/mttnVp0cMF https://t.co/MMXD9zd8PN",1,Twitter for Android,
Sgt_Ski,1587276829508894721,"Fort Worth, TX",2023-01-14 01:05:53,@johnpavlovitz Aren‚Äôt all of us anti-clot shotters supposed to be dead already? Weird how this unbelievably deadly‚Ä¶ https://t.co/CtZ1L3P4PB,0,Twitter for iPhone,
Chekdawg,1587090557582671872,"Fort Worth, TX",2023-01-14 01:05:44,@WhiteHouse That‚Äôs because people went back@to work after Covid benefits ran out.,1,Twitter for iPhone,
Adrian V. ‚ÄúAvi‚Äù Barbour,1586119649388797952,"Fort Worth, Texas",2023-01-14 00:52:19,"Piyush Goyal Calls for Redoubling Efforts at WTO to Get Patent Waiver for Covid Diagnostics, Therapeutics‚Ä¶ https://t.co/3k5oK3bAD3",0,SocialDog for Twitter,
Mrs. Johnson,3181140595,"Fort Worth, TX",2023-01-14 00:47:29,@drdjbarbarella It will never be safe if that‚Äôs the goal your looking for. I am a teacher in a school of 2400+. Har‚Ä¶ https://t.co/ZlKdtFomRo,0,Twitter for iPhone,
Management Impact Solutions Consulting,4734524106,"Fort Worth, TX",2023-01-14 00:31:27,We are overcounting covid deaths and hospitalizations. That's a problem. (Leana S. Wen/Washington Post)‚Ä¶ https://t.co/uYLohPwrd4,0,SocialDog for Twitter,
micah k,1432757442102939654,"Fort Worth, TX",2023-01-14 00:11:46,@Siouxtopia_ACNH @JennDeGruchy @lauriellk @JonBull7136 @DiamondandSilk your friend likely died from vaccine induced‚Ä¶ https://t.co/JINQpmeoln,0,Twitter for iPhone,
Paul Leavitt,126146389,"Fort Worth, TX",2023-01-14 00:09:43,"@garethicke If Depression puts you at risk for COVID. 
I‚Äôm pretty sure breathing does too!",0,Twitter for iPhone,
Rick Rockwelll‚òÄÔ∏èüá¶üá∑üá∫üáæüá≤üá∞,1585814969966370818,"Fort Worth, TX",2023-01-14 00:02:54,"They've had 3 years, the worlds attention &amp; fantastic amounts of money directed at COVID, &amp; yet her we are still..‚Ä¶ https://t.co/mrtJbzsUlg",0,Twitter Web App,
